root_id,learned_decision,selected_length,matched_fixed_method,full_trajectory_parity
square:hb3p_stop_continue_formal:800000,CONTINUE,80,FIXED_L80,True
square:hb3p_stop_continue_formal:800001,CONTINUE,80,FIXED_L80,True
square:hb3p_stop_continue_formal:800002,CONTINUE,80,FIXED_L80,True
square:hb3p_stop_continue_formal:800003,CONTINUE,80,FIXED_L80,True
square:hb3p_stop_continue_formal:800004,CONTINUE,80,FIXED_L80,True
square:hb3p_stop_continue_formal:800005,CONTINUE,80,FIXED_L80,True
square:hb3p_stop_continue_formal:800006,CONTINUE,80,FIXED_L80,True
square:hb3p_stop_continue_formal:800007,CONTINUE,80,FIXED_L80,True
square:hb3p_stop_continue_formal:800008,STOP,60,FIXED_L60,True
square:hb3p_stop_continue_formal:800009,STOP,60,FIXED_L60,True
square:hb3p_stop_continue_formal:800010,CONTINUE,80,FIXED_L80,True
square:hb3p_stop_continue_formal:800011,CONTINUE,80,FIXED_L80,True
square:hb3p_stop_continue_formal:800012,CONTINUE,80,FIXED_L80,True
square:hb3p_stop_continue_formal:800013,CONTINUE,80,FIXED_L80,True
square:hb3p_stop_continue_formal:800014,CONTINUE,80,FIXED_L80,True
square:hb3p_stop_continue_formal:800015,CONTINUE,80,FIXED_L80,True
square:hb3p_stop_continue_formal:800016,CONTINUE,80,FIXED_L80,True
square:hb3p_stop_continue_formal:800017,CONTINUE,80,FIXED_L80,True
square:hb3p_stop_continue_formal:800018,CONTINUE,80,FIXED_L80,True
square:hb3p_stop_continue_formal:800019,CONTINUE,80,FIXED_L80,True
square:hb3p_stop_continue_formal:800020,CONTINUE,80,FIXED_L80,True
square:hb3p_stop_continue_formal:800021,CONTINUE,80,FIXED_L80,True
square:hb3p_stop_continue_formal:800022,CONTINUE,80,FIXED_L80,True
square:hb3p_stop_continue_formal:800023,CONTINUE,80,FIXED_L80,True
square:hb3p_stop_continue_formal:800024,CONTINUE,80,FIXED_L80,True
square:hb3p_stop_continue_formal:800025,CONTINUE,80,FIXED_L80,True
square:hb3p_stop_continue_formal:800026,STOP,60,FIXED_L60,True
square:hb3p_stop_continue_formal:800027,CONTINUE,80,FIXED_L80,True
square:hb3p_stop_continue_formal:800028,CONTINUE,80,FIXED_L80,True
square:hb3p_stop_continue_formal:800029,CONTINUE,80,FIXED_L80,True
square:hb3p_stop_continue_formal:800030,CONTINUE,80,FIXED_L80,True
square:hb3p_stop_continue_formal:800031,CONTINUE,80,FIXED_L80,True
square:hb3p_stop_continue_formal:800032,CONTINUE,80,FIXED_L80,True
square:hb3p_stop_continue_formal:800033,CONTINUE,80,FIXED_L80,True
square:hb3p_stop_continue_formal:800034,CONTINUE,80,FIXED_L80,True
square:hb3p_stop_continue_formal:800035,STOP,60,FIXED_L60,True
square:hb3p_stop_continue_formal:800036,CONTINUE,80,FIXED_L80,True
square:hb3p_stop_continue_formal:800037,CONTINUE,80,FIXED_L80,True
square:hb3p_stop_continue_formal:800038,CONTINUE,80,FIXED_L80,True
square:hb3p_stop_continue_formal:800039,CONTINUE,80,FIXED_L80,True
square:hb3p_stop_continue_formal:800040,CONTINUE,80,FIXED_L80,True
square:hb3p_stop_continue_formal:800041,STOP,60,FIXED_L60,True
square:hb3p_stop_continue_formal:800042,CONTINUE,80,FIXED_L80,True
square:hb3p_stop_continue_formal:800043,CONTINUE,80,FIXED_L80,True
square:hb3p_stop_continue_formal:800044,CONTINUE,80,FIXED_L80,True
square:hb3p_stop_continue_formal:800045,CONTINUE,80,FIXED_L80,True
square:hb3p_stop_continue_formal:800046,CONTINUE,80,FIXED_L80,True
square:hb3p_stop_continue_formal:800047,CONTINUE,80,FIXED_L80,True
square:hb3p_stop_continue_formal:800048,CONTINUE,80,FIXED_L80,True
square:hb3p_stop_continue_formal:800049,CONTINUE,80,FIXED_L80,True
square:hb3p_stop_continue_formal:800050,CONTINUE,80,FIXED_L80,True
square:hb3p_stop_continue_formal:800051,CONTINUE,80,FIXED_L80,True
square:hb3p_stop_continue_formal:800052,CONTINUE,80,FIXED_L80,True
square:hb3p_stop_continue_formal:800053,CONTINUE,80,FIXED_L80,True
square:hb3p_stop_continue_formal:800054,CONTINUE,80,FIXED_L80,True
square:hb3p_stop_continue_formal:800055,CONTINUE,80,FIXED_L80,True
square:hb3p_stop_continue_formal:800056,CONTINUE,80,FIXED_L80,True
square:hb3p_stop_continue_formal:800057,CONTINUE,80,FIXED_L80,True
square:hb3p_stop_continue_formal:800058,CONTINUE,80,FIXED_L80,True
square:hb3p_stop_continue_formal:800059,CONTINUE,80,FIXED_L80,True
square:hb3p_stop_continue_formal:800060,CONTINUE,80,FIXED_L80,True
square:hb3p_stop_continue_formal:800061,CONTINUE,80,FIXED_L80,True
square:hb3p_stop_continue_formal:800062,CONTINUE,80,FIXED_L80,True
square:hb3p_stop_continue_formal:800063,CONTINUE,80,FIXED_L80,True
square:hb3p_stop_continue_formal:800064,CONTINUE,80,FIXED_L80,True
square:hb3p_stop_continue_formal:800065,CONTINUE,80,FIXED_L80,True
square:hb3p_stop_continue_formal:800066,STOP,60,FIXED_L60,True
square:hb3p_stop_continue_formal:800067,STOP,60,FIXED_L60,True
square:hb3p_stop_continue_formal:800068,CONTINUE,80,FIXED_L80,True
square:hb3p_stop_continue_formal:800069,CONTINUE,80,FIXED_L80,True
square:hb3p_stop_continue_formal:800070,CONTINUE,80,FIXED_L80,True
square:hb3p_stop_continue_formal:800071,CONTINUE,80,FIXED_L80,True
square:hb3p_stop_continue_formal:800072,CONTINUE,80,FIXED_L80,True
square:hb3p_stop_continue_formal:800073,CONTINUE,80,FIXED_L80,True
square:hb3p_stop_continue_formal:800074,CONTINUE,80,FIXED_L80,True
square:hb3p_stop_continue_formal:800075,CONTINUE,80,FIXED_L80,True
square:hb3p_stop_continue_formal:800076,CONTINUE,80,FIXED_L80,True
square:hb3p_stop_continue_formal:800077,CONTINUE,80,FIXED_L80,True
square:hb3p_stop_continue_formal:800078,CONTINUE,80,FIXED_L80,True
square:hb3p_stop_continue_formal:800079,CONTINUE,80,FIXED_L80,True
square:hb3p_stop_continue_formal:800080,CONTINUE,80,FIXED_L80,True
square:hb3p_stop_continue_formal:800081,CONTINUE,80,FIXED_L80,True
square:hb3p_stop_continue_formal:800082,CONTINUE,80,FIXED_L80,True
square:hb3p_stop_continue_formal:800083,CONTINUE,80,FIXED_L80,True
square:hb3p_stop_continue_formal:800084,CONTINUE,80,FIXED_L80,True
square:hb3p_stop_continue_formal:800085,CONTINUE,80,FIXED_L80,True
square:hb3p_stop_continue_formal:800086,STOP,60,FIXED_L60,True
square:hb3p_stop_continue_formal:800087,CONTINUE,80,FIXED_L80,True
square:hb3p_stop_continue_formal:800088,CONTINUE,80,FIXED_L80,True
square:hb3p_stop_continue_formal:800089,CONTINUE,80,FIXED_L80,True
square:hb3p_stop_continue_formal:800090,CONTINUE,80,FIXED_L80,True
square:hb3p_stop_continue_formal:800091,STOP,60,FIXED_L60,True
square:hb3p_stop_continue_formal:800092,CONTINUE,80,FIXED_L80,True
square:hb3p_stop_continue_formal:800093,CONTINUE,80,FIXED_L80,True
square:hb3p_stop_continue_formal:800094,CONTINUE,80,FIXED_L80,True
square:hb3p_stop_continue_formal:800095,CONTINUE,80,FIXED_L80,True
square:hb3p_stop_continue_formal:800096,CONTINUE,80,FIXED_L80,True
square:hb3p_stop_continue_formal:800097,CONTINUE,80,FIXED_L80,True
square:hb3p_stop_continue_formal:800098,CONTINUE,80,FIXED_L80,True
square:hb3p_stop_continue_formal:800099,CONTINUE,80,FIXED_L80,True
square:hb3p_stop_continue_formal:800100,STOP,60,FIXED_L60,True
square:hb3p_stop_continue_formal:800101,STOP,60,FIXED_L60,True
square:hb3p_stop_continue_formal:800102,CONTINUE,80,FIXED_L80,True
square:hb3p_stop_continue_formal:800103,CONTINUE,80,FIXED_L80,True
square:hb3p_stop_continue_formal:800104,CONTINUE,80,FIXED_L80,True
square:hb3p_stop_continue_formal:800105,CONTINUE,80,FIXED_L80,True
square:hb3p_stop_continue_formal:800106,CONTINUE,80,FIXED_L80,True
square:hb3p_stop_continue_formal:800107,CONTINUE,80,FIXED_L80,True
square:hb3p_stop_continue_formal:800108,STOP,60,FIXED_L60,True
square:hb3p_stop_continue_formal:800109,CONTINUE,80,FIXED_L80,True
square:hb3p_stop_continue_formal:800110,CONTINUE,80,FIXED_L80,True
square:hb3p_stop_continue_formal:800111,CONTINUE,80,FIXED_L80,True
square:hb3p_stop_continue_formal:800112,CONTINUE,80,FIXED_L80,True
square:hb3p_stop_continue_formal:800113,CONTINUE,80,FIXED_L80,True
square:hb3p_stop_continue_formal:800114,CONTINUE,80,FIXED_L80,True
square:hb3p_stop_continue_formal:800115,CONTINUE,80,FIXED_L80,True
square:hb3p_stop_continue_formal:800116,CONTINUE,80,FIXED_L80,True
square:hb3p_stop_continue_formal:800117,CONTINUE,80,FIXED_L80,True
square:hb3p_stop_continue_formal:800118,CONTINUE,80,FIXED_L80,True
square:hb3p_stop_continue_formal:800119,CONTINUE,80,FIXED_L80,True
square:hb3p_stop_continue_formal:800120,CONTINUE,80,FIXED_L80,True
square:hb3p_stop_continue_formal:800121,CONTINUE,80,FIXED_L80,True
square:hb3p_stop_continue_formal:800122,CONTINUE,80,FIXED_L80,True
square:hb3p_stop_continue_formal:800123,CONTINUE,80,FIXED_L80,True
square:hb3p_stop_continue_formal:800124,CONTINUE,80,FIXED_L80,True
square:hb3p_stop_continue_formal:800125,CONTINUE,80,FIXED_L80,True
square:hb3p_stop_continue_formal:800126,CONTINUE,80,FIXED_L80,True
square:hb3p_stop_continue_formal:800127,CONTINUE,80,FIXED_L80,True
square:hb3p_stop_continue_formal:800128,CONTINUE,80,FIXED_L80,True
square:hb3p_stop_continue_formal:800129,CONTINUE,80,FIXED_L80,True
square:hb3p_stop_continue_formal:800130,CONTINUE,80,FIXED_L80,True
square:hb3p_stop_continue_formal:800131,CONTINUE,80,FIXED_L80,True
square:hb3p_stop_continue_formal:800132,STOP,60,FIXED_L60,True
square:hb3p_stop_continue_formal:800133,CONTINUE,80,FIXED_L80,True
square:hb3p_stop_continue_formal:800134,STOP,60,FIXED_L60,True
square:hb3p_stop_continue_formal:800135,CONTINUE,80,FIXED_L80,True
square:hb3p_stop_continue_formal:800136,CONTINUE,80,FIXED_L80,True
square:hb3p_stop_continue_formal:800137,CONTINUE,80,FIXED_L80,True
square:hb3p_stop_continue_formal:800138,CONTINUE,80,FIXED_L80,True
square:hb3p_stop_continue_formal:800139,CONTINUE,80,FIXED_L80,True
square:hb3p_stop_continue_formal:800140,CONTINUE,80,FIXED_L80,True
square:hb3p_stop_continue_formal:800141,CONTINUE,80,FIXED_L80,True
square:hb3p_stop_continue_formal:800142,CONTINUE,80,FIXED_L80,True
square:hb3p_stop_continue_formal:800143,CONTINUE,80,FIXED_L80,True
square:hb3p_stop_continue_formal:800144,CONTINUE,80,FIXED_L80,True
square:hb3p_stop_continue_formal:800145,CONTINUE,80,FIXED_L80,True
square:hb3p_stop_continue_formal:800146,CONTINUE,80,FIXED_L80,True
square:hb3p_stop_continue_formal:800147,CONTINUE,80,FIXED_L80,True
square:hb3p_stop_continue_formal:800148,CONTINUE,80,FIXED_L80,True
square:hb3p_stop_continue_formal:800149,CONTINUE,80,FIXED_L80,True
square:hb3p_stop_continue_formal:800150,CONTINUE,80,FIXED_L80,True
square:hb3p_stop_continue_formal:800151,CONTINUE,80,FIXED_L80,True
square:hb3p_stop_continue_formal:800152,CONTINUE,80,FIXED_L80,True
square:hb3p_stop_continue_formal:800153,CONTINUE,80,FIXED_L80,True
square:hb3p_stop_continue_formal:800154,CONTINUE,80,FIXED_L80,True
square:hb3p_stop_continue_formal:800155,CONTINUE,80,FIXED_L80,True
square:hb3p_stop_continue_formal:800156,CONTINUE,80,FIXED_L80,True
square:hb3p_stop_continue_formal:800157,CONTINUE,80,FIXED_L80,True
square:hb3p_stop_continue_formal:800158,CONTINUE,80,FIXED_L80,True
square:hb3p_stop_continue_formal:800159,STOP,60,FIXED_L60,True
square:hb3p_stop_continue_formal:800160,CONTINUE,80,FIXED_L80,True
square:hb3p_stop_continue_formal:800161,CONTINUE,80,FIXED_L80,True
square:hb3p_stop_continue_formal:800162,CONTINUE,80,FIXED_L80,True
square:hb3p_stop_continue_formal:800163,CONTINUE,80,FIXED_L80,True
square:hb3p_stop_continue_formal:800164,CONTINUE,80,FIXED_L80,True
square:hb3p_stop_continue_formal:800165,CONTINUE,80,FIXED_L80,True
square:hb3p_stop_continue_formal:800166,CONTINUE,80,FIXED_L80,True
square:hb3p_stop_continue_formal:800167,CONTINUE,80,FIXED_L80,True
square:hb3p_stop_continue_formal:800168,CONTINUE,80,FIXED_L80,True
square:hb3p_stop_continue_formal:800169,CONTINUE,80,FIXED_L80,True
square:hb3p_stop_continue_formal:800170,CONTINUE,80,FIXED_L80,True
square:hb3p_stop_continue_formal:800171,CONTINUE,80,FIXED_L80,True
square:hb3p_stop_continue_formal:800172,CONTINUE,80,FIXED_L80,True
square:hb3p_stop_continue_formal:800173,CONTINUE,80,FIXED_L80,True
square:hb3p_stop_continue_formal:800174,CONTINUE,80,FIXED_L80,True
square:hb3p_stop_continue_formal:800175,CONTINUE,80,FIXED_L80,True
square:hb3p_stop_continue_formal:800176,CONTINUE,80,FIXED_L80,True
square:hb3p_stop_continue_formal:800177,CONTINUE,80,FIXED_L80,True
square:hb3p_stop_continue_formal:800178,STOP,60,FIXED_L60,True
square:hb3p_stop_continue_formal:800179,CONTINUE,80,FIXED_L80,True
square:hb3p_stop_continue_formal:800180,CONTINUE,80,FIXED_L80,True
square:hb3p_stop_continue_formal:800181,CONTINUE,80,FIXED_L80,True
square:hb3p_stop_continue_formal:800182,CONTINUE,80,FIXED_L80,True
square:hb3p_stop_continue_formal:800183,CONTINUE,80,FIXED_L80,True
square:hb3p_stop_continue_formal:800184,CONTINUE,80,FIXED_L80,True
square:hb3p_stop_continue_formal:800185,CONTINUE,80,FIXED_L80,True
square:hb3p_stop_continue_formal:800186,CONTINUE,80,FIXED_L80,True
square:hb3p_stop_continue_formal:800187,CONTINUE,80,FIXED_L80,True
square:hb3p_stop_continue_formal:800188,CONTINUE,80,FIXED_L80,True
square:hb3p_stop_continue_formal:800189,STOP,60,FIXED_L60,True
square:hb3p_stop_continue_formal:800190,CONTINUE,80,FIXED_L80,True
square:hb3p_stop_continue_formal:800191,CONTINUE,80,FIXED_L80,True
square:hb3p_stop_continue_formal:800192,CONTINUE,80,FIXED_L80,True
square:hb3p_stop_continue_formal:800193,CONTINUE,80,FIXED_L80,True
square:hb3p_stop_continue_formal:800194,CONTINUE,80,FIXED_L80,True
square:hb3p_stop_continue_formal:800195,CONTINUE,80,FIXED_L80,True
square:hb3p_stop_continue_formal:800196,CONTINUE,80,FIXED_L80,True
square:hb3p_stop_continue_formal:800197,CONTINUE,80,FIXED_L80,True
square:hb3p_stop_continue_formal:800198,CONTINUE,80,FIXED_L80,True
square:hb3p_stop_continue_formal:800199,CONTINUE,80,FIXED_L80,True
square:hb3p_stop_continue_formal:800200,CONTINUE,80,FIXED_L80,True
square:hb3p_stop_continue_formal:800201,CONTINUE,80,FIXED_L80,True
square:hb3p_stop_continue_formal:800202,CONTINUE,80,FIXED_L80,True
square:hb3p_stop_continue_formal:800203,CONTINUE,80,FIXED_L80,True
square:hb3p_stop_continue_formal:800204,CONTINUE,80,FIXED_L80,True
square:hb3p_stop_continue_formal:800205,CONTINUE,80,FIXED_L80,True
square:hb3p_stop_continue_formal:800206,CONTINUE,80,FIXED_L80,True
square:hb3p_stop_continue_formal:800207,CONTINUE,80,FIXED_L80,True
square:hb3p_stop_continue_formal:800208,CONTINUE,80,FIXED_L80,True
square:hb3p_stop_continue_formal:800209,CONTINUE,80,FIXED_L80,True
square:hb3p_stop_continue_formal:800210,CONTINUE,80,FIXED_L80,True
square:hb3p_stop_continue_formal:800211,CONTINUE,80,FIXED_L80,True
square:hb3p_stop_continue_formal:800212,CONTINUE,80,FIXED_L80,True
square:hb3p_stop_continue_formal:800213,CONTINUE,80,FIXED_L80,True
square:hb3p_stop_continue_formal:800214,CONTINUE,80,FIXED_L80,True
square:hb3p_stop_continue_formal:800215,CONTINUE,80,FIXED_L80,True
square:hb3p_stop_continue_formal:800216,CONTINUE,80,FIXED_L80,True
square:hb3p_stop_continue_formal:800217,CONTINUE,80,FIXED_L80,True
square:hb3p_stop_continue_formal:800218,CONTINUE,80,FIXED_L80,True
square:hb3p_stop_continue_formal:800219,CONTINUE,80,FIXED_L80,True
square:hb3p_stop_continue_formal:800220,CONTINUE,80,FIXED_L80,True
square:hb3p_stop_continue_formal:800221,CONTINUE,80,FIXED_L80,True
square:hb3p_stop_continue_formal:800222,CONTINUE,80,FIXED_L80,True
square:hb3p_stop_continue_formal:800223,CONTINUE,80,FIXED_L80,True
square:hb3p_stop_continue_formal:800224,CONTINUE,80,FIXED_L80,True
square:hb3p_stop_continue_formal:800225,CONTINUE,80,FIXED_L80,True
square:hb3p_stop_continue_formal:800226,CONTINUE,80,FIXED_L80,True
square:hb3p_stop_continue_formal:800227,CONTINUE,80,FIXED_L80,True
square:hb3p_stop_continue_formal:800228,CONTINUE,80,FIXED_L80,True
square:hb3p_stop_continue_formal:800229,CONTINUE,80,FIXED_L80,True
square:hb3p_stop_continue_formal:800230,CONTINUE,80,FIXED_L80,True
square:hb3p_stop_continue_formal:800231,CONTINUE,80,FIXED_L80,True
square:hb3p_stop_continue_formal:800232,CONTINUE,80,FIXED_L80,True
square:hb3p_stop_continue_formal:800233,CONTINUE,80,FIXED_L80,True
square:hb3p_stop_continue_formal:800234,CONTINUE,80,FIXED_L80,True
square:hb3p_stop_continue_formal:800235,CONTINUE,80,FIXED_L80,True
square:hb3p_stop_continue_formal:800236,CONTINUE,80,FIXED_L80,True
square:hb3p_stop_continue_formal:800237,CONTINUE,80,FIXED_L80,True
square:hb3p_stop_continue_formal:800238,CONTINUE,80,FIXED_L80,True
square:hb3p_stop_continue_formal:800239,CONTINUE,80,FIXED_L80,True
square:hb3p_stop_continue_formal:800240,CONTINUE,80,FIXED_L80,True
square:hb3p_stop_continue_formal:800241,CONTINUE,80,FIXED_L80,True
square:hb3p_stop_continue_formal:800242,CONTINUE,80,FIXED_L80,True
square:hb3p_stop_continue_formal:800243,CONTINUE,80,FIXED_L80,True
square:hb3p_stop_continue_formal:800244,CONTINUE,80,FIXED_L80,True
square:hb3p_stop_continue_formal:800245,CONTINUE,80,FIXED_L80,True
square:hb3p_stop_continue_formal:800246,CONTINUE,80,FIXED_L80,True
square:hb3p_stop_continue_formal:800247,CONTINUE,80,FIXED_L80,True
square:hb3p_stop_continue_formal:800248,CONTINUE,80,FIXED_L80,True
square:hb3p_stop_continue_formal:800249,CONTINUE,80,FIXED_L80,True
square:hb3p_stop_continue_formal:800250,CONTINUE,80,FIXED_L80,True
square:hb3p_stop_continue_formal:800251,CONTINUE,80,FIXED_L80,True
square:hb3p_stop_continue_formal:800252,CONTINUE,80,FIXED_L80,True
square:hb3p_stop_continue_formal:800253,CONTINUE,80,FIXED_L80,True
square:hb3p_stop_continue_formal:800254,CONTINUE,80,FIXED_L80,True
square:hb3p_stop_continue_formal:800255,CONTINUE,80,FIXED_L80,True
square:hb3p_stop_continue_formal:800256,CONTINUE,80,FIXED_L80,True
square:hb3p_stop_continue_formal:800257,CONTINUE,80,FIXED_L80,True
square:hb3p_stop_continue_formal:800258,CONTINUE,80,FIXED_L80,True
square:hb3p_stop_continue_formal:800259,CONTINUE,80,FIXED_L80,True
square:hb3p_stop_continue_formal:800260,CONTINUE,80,FIXED_L80,True
square:hb3p_stop_continue_formal:800261,CONTINUE,80,FIXED_L80,True
square:hb3p_stop_continue_formal:800262,CONTINUE,80,FIXED_L80,True
square:hb3p_stop_continue_formal:800263,CONTINUE,80,FIXED_L80,True
square:hb3p_stop_continue_formal:800264,STOP,60,FIXED_L60,True
square:hb3p_stop_continue_formal:800265,CONTINUE,80,FIXED_L80,True
square:hb3p_stop_continue_formal:800266,STOP,60,FIXED_L60,True
square:hb3p_stop_continue_formal:800267,CONTINUE,80,FIXED_L80,True
square:hb3p_stop_continue_formal:800268,CONTINUE,80,FIXED_L80,True
square:hb3p_stop_continue_formal:800269,CONTINUE,80,FIXED_L80,True
square:hb3p_stop_continue_formal:800270,CONTINUE,80,FIXED_L80,True
square:hb3p_stop_continue_formal:800271,CONTINUE,80,FIXED_L80,True
square:hb3p_stop_continue_formal:800272,CONTINUE,80,FIXED_L80,True
square:hb3p_stop_continue_formal:800273,CONTINUE,80,FIXED_L80,True
square:hb3p_stop_continue_formal:800274,CONTINUE,80,FIXED_L80,True
square:hb3p_stop_continue_formal:800275,CONTINUE,80,FIXED_L80,True
square:hb3p_stop_continue_formal:800276,CONTINUE,80,FIXED_L80,True
square:hb3p_stop_continue_formal:800277,CONTINUE,80,FIXED_L80,True
square:hb3p_stop_continue_formal:800278,CONTINUE,80,FIXED_L80,True
square:hb3p_stop_continue_formal:800279,CONTINUE,80,FIXED_L80,True
square:hb3p_stop_continue_formal:800280,CONTINUE,80,FIXED_L80,True
square:hb3p_stop_continue_formal:800281,CONTINUE,80,FIXED_L80,True
square:hb3p_stop_continue_formal:800282,CONTINUE,80,FIXED_L80,True
square:hb3p_stop_continue_formal:800283,CONTINUE,80,FIXED_L80,True
square:hb3p_stop_continue_formal:800284,CONTINUE,80,FIXED_L80,True
square:hb3p_stop_continue_formal:800285,CONTINUE,80,FIXED_L80,True
square:hb3p_stop_continue_formal:800286,CONTINUE,80,FIXED_L80,True
square:hb3p_stop_continue_formal:800287,CONTINUE,80,FIXED_L80,True
square:hb3p_stop_continue_formal:800288,CONTINUE,80,FIXED_L80,True
square:hb3p_stop_continue_formal:800289,CONTINUE,80,FIXED_L80,True
square:hb3p_stop_continue_formal:800290,CONTINUE,80,FIXED_L80,True
square:hb3p_stop_continue_formal:800291,CONTINUE,80,FIXED_L80,True
square:hb3p_stop_continue_formal:800292,CONTINUE,80,FIXED_L80,True
square:hb3p_stop_continue_formal:800293,CONTINUE,80,FIXED_L80,True
square:hb3p_stop_continue_formal:800294,CONTINUE,80,FIXED_L80,True
square:hb3p_stop_continue_formal:800295,CONTINUE,80,FIXED_L80,True
square:hb3p_stop_continue_formal:800296,CONTINUE,80,FIXED_L80,True
square:hb3p_stop_continue_formal:800297,CONTINUE,80,FIXED_L80,True
square:hb3p_stop_continue_formal:800298,CONTINUE,80,FIXED_L80,True
square:hb3p_stop_continue_formal:800299,CONTINUE,80,FIXED_L80,True
square:hb3p_stop_continue_formal:800300,CONTINUE,80,FIXED_L80,True
square:hb3p_stop_continue_formal:800301,CONTINUE,80,FIXED_L80,True
square:hb3p_stop_continue_formal:800302,STOP,60,FIXED_L60,True
square:hb3p_stop_continue_formal:800303,STOP,60,FIXED_L60,True
square:hb3p_stop_continue_formal:800304,CONTINUE,80,FIXED_L80,True
square:hb3p_stop_continue_formal:800305,CONTINUE,80,FIXED_L80,True
square:hb3p_stop_continue_formal:800306,CONTINUE,80,FIXED_L80,True
square:hb3p_stop_continue_formal:800307,CONTINUE,80,FIXED_L80,True
square:hb3p_stop_continue_formal:800308,CONTINUE,80,FIXED_L80,True
square:hb3p_stop_continue_formal:800309,CONTINUE,80,FIXED_L80,True
square:hb3p_stop_continue_formal:800310,CONTINUE,80,FIXED_L80,True
square:hb3p_stop_continue_formal:800311,CONTINUE,80,FIXED_L80,True
square:hb3p_stop_continue_formal:800312,CONTINUE,80,FIXED_L80,True
square:hb3p_stop_continue_formal:800313,CONTINUE,80,FIXED_L80,True
square:hb3p_stop_continue_formal:800314,CONTINUE,80,FIXED_L80,True
square:hb3p_stop_continue_formal:800315,CONTINUE,80,FIXED_L80,True
square:hb3p_stop_continue_formal:800316,CONTINUE,80,FIXED_L80,True
square:hb3p_stop_continue_formal:800317,CONTINUE,80,FIXED_L80,True
square:hb3p_stop_continue_formal:800318,CONTINUE,80,FIXED_L80,True
square:hb3p_stop_continue_formal:800319,CONTINUE,80,FIXED_L80,True
square:hb3p_stop_continue_formal:800320,CONTINUE,80,FIXED_L80,True
square:hb3p_stop_continue_formal:800321,CONTINUE,80,FIXED_L80,True
square:hb3p_stop_continue_formal:800322,CONTINUE,80,FIXED_L80,True
square:hb3p_stop_continue_formal:800323,CONTINUE,80,FIXED_L80,True
square:hb3p_stop_continue_formal:800324,CONTINUE,80,FIXED_L80,True
square:hb3p_stop_continue_formal:800325,CONTINUE,80,FIXED_L80,True
square:hb3p_stop_continue_formal:800326,CONTINUE,80,FIXED_L80,True
square:hb3p_stop_continue_formal:800327,CONTINUE,80,FIXED_L80,True
square:hb3p_stop_continue_formal:800328,CONTINUE,80,FIXED_L80,True
square:hb3p_stop_continue_formal:800329,CONTINUE,80,FIXED_L80,True
square:hb3p_stop_continue_formal:800330,CONTINUE,80,FIXED_L80,True
square:hb3p_stop_continue_formal:800331,CONTINUE,80,FIXED_L80,True
square:hb3p_stop_continue_formal:800332,CONTINUE,80,FIXED_L80,True
square:hb3p_stop_continue_formal:800333,CONTINUE,80,FIXED_L80,True
square:hb3p_stop_continue_formal:800334,CONTINUE,80,FIXED_L80,True
square:hb3p_stop_continue_formal:800335,CONTINUE,80,FIXED_L80,True
square:hb3p_stop_continue_formal:800336,CONTINUE,80,FIXED_L80,True
square:hb3p_stop_continue_formal:800337,CONTINUE,80,FIXED_L80,True
square:hb3p_stop_continue_formal:800338,CONTINUE,80,FIXED_L80,True
square:hb3p_stop_continue_formal:800339,CONTINUE,80,FIXED_L80,True
square:hb3p_stop_continue_formal:800340,CONTINUE,80,FIXED_L80,True
square:hb3p_stop_continue_formal:800341,STOP,60,FIXED_L60,True
square:hb3p_stop_continue_formal:800342,CONTINUE,80,FIXED_L80,True
square:hb3p_stop_continue_formal:800343,CONTINUE,80,FIXED_L80,True
square:hb3p_stop_continue_formal:800344,CONTINUE,80,FIXED_L80,True
square:hb3p_stop_continue_formal:800345,CONTINUE,80,FIXED_L80,True
square:hb3p_stop_continue_formal:800346,CONTINUE,80,FIXED_L80,True
square:hb3p_stop_continue_formal:800347,CONTINUE,80,FIXED_L80,True
square:hb3p_stop_continue_formal:800348,CONTINUE,80,FIXED_L80,True
square:hb3p_stop_continue_formal:800349,CONTINUE,80,FIXED_L80,True
square:hb3p_stop_continue_formal:800350,STOP,60,FIXED_L60,True
square:hb3p_stop_continue_formal:800351,CONTINUE,80,FIXED_L80,True
square:hb3p_stop_continue_formal:800352,CONTINUE,80,FIXED_L80,True
square:hb3p_stop_continue_formal:800353,CONTINUE,80,FIXED_L80,True
square:hb3p_stop_continue_formal:800354,CONTINUE,80,FIXED_L80,True
square:hb3p_stop_continue_formal:800355,CONTINUE,80,FIXED_L80,True
square:hb3p_stop_continue_formal:800356,CONTINUE,80,FIXED_L80,True
square:hb3p_stop_continue_formal:800357,CONTINUE,80,FIXED_L80,True
square:hb3p_stop_continue_formal:800358,CONTINUE,80,FIXED_L80,True
square:hb3p_stop_continue_formal:800359,CONTINUE,80,FIXED_L80,True
square:hb3p_stop_continue_formal:800360,CONTINUE,80,FIXED_L80,True
square:hb3p_stop_continue_formal:800361,CONTINUE,80,FIXED_L80,True
square:hb3p_stop_continue_formal:800362,CONTINUE,80,FIXED_L80,True
square:hb3p_stop_continue_formal:800363,CONTINUE,80,FIXED_L80,True
square:hb3p_stop_continue_formal:800364,CONTINUE,80,FIXED_L80,True
square:hb3p_stop_continue_formal:800365,CONTINUE,80,FIXED_L80,True
square:hb3p_stop_continue_formal:800366,CONTINUE,80,FIXED_L80,True
square:hb3p_stop_continue_formal:800367,CONTINUE,80,FIXED_L80,True
square:hb3p_stop_continue_formal:800368,CONTINUE,80,FIXED_L80,True
square:hb3p_stop_continue_formal:800369,CONTINUE,80,FIXED_L80,True
square:hb3p_stop_continue_formal:800370,CONTINUE,80,FIXED_L80,True
square:hb3p_stop_continue_formal:800371,CONTINUE,80,FIXED_L80,True
square:hb3p_stop_continue_formal:800372,CONTINUE,80,FIXED_L80,True
square:hb3p_stop_continue_formal:800373,CONTINUE,80,FIXED_L80,True
square:hb3p_stop_continue_formal:800374,CONTINUE,80,FIXED_L80,True
square:hb3p_stop_continue_formal:800375,CONTINUE,80,FIXED_L80,True
square:hb3p_stop_continue_formal:800376,CONTINUE,80,FIXED_L80,True
square:hb3p_stop_continue_formal:800377,CONTINUE,80,FIXED_L80,True
square:hb3p_stop_continue_formal:800378,CONTINUE,80,FIXED_L80,True
square:hb3p_stop_continue_formal:800379,CONTINUE,80,FIXED_L80,True
square:hb3p_stop_continue_formal:800380,CONTINUE,80,FIXED_L80,True
square:hb3p_stop_continue_formal:800381,STOP,60,FIXED_L60,True
square:hb3p_stop_continue_formal:800382,CONTINUE,80,FIXED_L80,True
square:hb3p_stop_continue_formal:800383,CONTINUE,80,FIXED_L80,True
square:hb3p_stop_continue_formal:800384,CONTINUE,80,FIXED_L80,True
square:hb3p_stop_continue_formal:800385,CONTINUE,80,FIXED_L80,True
square:hb3p_stop_continue_formal:800386,CONTINUE,80,FIXED_L80,True
square:hb3p_stop_continue_formal:800387,CONTINUE,80,FIXED_L80,True
square:hb3p_stop_continue_formal:800388,CONTINUE,80,FIXED_L80,True
square:hb3p_stop_continue_formal:800389,CONTINUE,80,FIXED_L80,True
square:hb3p_stop_continue_formal:800390,CONTINUE,80,FIXED_L80,True
square:hb3p_stop_continue_formal:800391,CONTINUE,80,FIXED_L80,True
square:hb3p_stop_continue_formal:800392,CONTINUE,80,FIXED_L80,True
square:hb3p_stop_continue_formal:800393,CONTINUE,80,FIXED_L80,True
square:hb3p_stop_continue_formal:800394,CONTINUE,80,FIXED_L80,True
square:hb3p_stop_continue_formal:800395,CONTINUE,80,FIXED_L80,True
square:hb3p_stop_continue_formal:800396,CONTINUE,80,FIXED_L80,True
square:hb3p_stop_continue_formal:800397,CONTINUE,80,FIXED_L80,True
square:hb3p_stop_continue_formal:800398,CONTINUE,80,FIXED_L80,True
square:hb3p_stop_continue_formal:800399,CONTINUE,80,FIXED_L80,True
