root_id,shared_t20_verified,helper_predecision_t80_verified,state_hash_t20,action_hash_t20
square:hb3p_stop_continue_formal:800000,True,True,e9f3027ed9016fe6ff6bb3b670f59085440888b715d73155c777140e7304f715,db61a3de54a2de86c08688ea1a4ac09237d94b8fb268b2159d68732737328424
square:hb3p_stop_continue_formal:800001,True,True,16c97b0035b6c9b1a957fdbb7ccb1ff6010451dfc3eae393ce661fb364f2cfe6,8817b93fc0b19160d938d9f094f6cc26d63c183584d15616d90b3dcf715548c5
square:hb3p_stop_continue_formal:800002,True,True,c5e56d2b7e74ead42dfb4c0b1b1bc18380da38077ab1aa1ad755ff0847a20e25,0aedb9689560b0ac00eabab29dcd3705c05dac92aa747a59453ef7782fd051da
square:hb3p_stop_continue_formal:800003,True,True,d4ba10ba7cc2dd28aac3189eff1b07e59191ca8af35e688c01b7ceca6c5e4712,e1a34403f9f3de1636a1bd6ddf2f94cf3cb4bd3206ae8fa209f92deea0222c0f
square:hb3p_stop_continue_formal:800004,True,True,c98c9bf94390a334fc18882bf0f1d26ab1257776090290dfea44f99c22f18970,38affe9d8af6be2480098eefd2a6af0b1f72a00537165d1612e550b346dcae4a
square:hb3p_stop_continue_formal:800005,True,True,ef8761799f641b34bb46022a830214d871248d2b7829c2176096d4b9e331dcda,cbaf3a07db24ea4c871cbbd250405977a3a3d24429ede989e1f0b53df6679c45
square:hb3p_stop_continue_formal:800006,True,True,3df2f1fa3801feb3e72ac57134fd4c1eafa2134a1f1abadc383d300c74079ff7,6b2e53c33f88c68844affd063ac53d6a228e2fcd1cda9fdebd2fdd6374646218
square:hb3p_stop_continue_formal:800007,True,True,2e0a97ca762d8182c3dd6be5520b28922dee641fd264c210db4af211184c6482,99bba6ccfbc4d22ad5aa4e51f9623dbd135b78360d6ada9355bef735871203bc
square:hb3p_stop_continue_formal:800008,True,True,77886dacf598dd008ff1d6ad918b68bdf58910d7c9d0d757dd3e256491903e4c,988fbe3bbbdade9d45240e038cebe9eed73e8be6cd3f20eb647b80613fd067ad
square:hb3p_stop_continue_formal:800009,True,True,939d88971a0719d4151d61b02bd4776d635e7225cc156fbb1b540d8b3886096e,24010413342b1c62b5a036ef1aa75e81364d6c57ad76342760df1537caeb31c9
square:hb3p_stop_continue_formal:800010,True,True,eea3175121e7c28319006fe943155b8c2612743741cd15f6f0d1602e253e3ce8,74ab9058412ce6ef406a71fd75f803a4dca100a02456bbcf83066f817fdfc37a
square:hb3p_stop_continue_formal:800011,True,True,7a47eccc8f31fb6643d4cd50c8f7286a942e5c347e505de83ff222ac52631be4,4ea3ebdb41cd78c93b3915b9cc5ae54cdd1e84923fb3a791b2e9b20f9f45dd17
square:hb3p_stop_continue_formal:800012,True,True,d77a1df739713afe2e2b5e3b1d325f7fcfe4088d6afae28625303d07a3ff9846,182070e6ab32004e06db31f5ad6631b3765b133d35b74ab52e7711fa96a6c89a
square:hb3p_stop_continue_formal:800013,True,True,3caf9aaccb76397596a09ae0c477c042025630d1c30b28148f023c5f6a1d39bf,aecb9fb4710b14bd547c3a07f549470c00d50dbbc52ed123e55fcc539edfa492
square:hb3p_stop_continue_formal:800014,True,True,c2fa0ffc0d9e20102c7f43678864045b7f28197e341ae78ae092002081d757d9,6669a88ba56ce8ad2717f08c6525eee79d93fef202ce0186e06d9d926aad5689
square:hb3p_stop_continue_formal:800015,True,True,62dcb5c3b8c07a5433a0b441605055c23a5f1859b4484e37ebae415a7038d5a3,350ed3b3426ca70c0937c785621b5d493c90e74ef16323eb9872001b0a424964
square:hb3p_stop_continue_formal:800016,True,True,990d1db8ef94213311361d47b4e9274a2608f499fbb6d665ff37a5663820fec4,8f325c7358cf16eaf0fb4909fc4d6cb2a0a4f10cc4c243f268240c267dbf68db
square:hb3p_stop_continue_formal:800017,True,True,2db7590a6709e5b8f9854291c94f71610d6e7d4ea988e350a8b242b3cc07400f,efef34855857ed90eaaef4425af585ab4a4263f79187378e611ceee62cc57f47
square:hb3p_stop_continue_formal:800018,True,True,5cd7f98dd47dea3aa10acd2627b24d9e840484d51bdc372de54360b42e26b1bf,cf835bb888a0446d277e68232cd1e07499a54a3c336ae772fb4a93cdc85653b3
square:hb3p_stop_continue_formal:800019,True,True,4a8bcb6f7957593dba01bbb0ac31af4e8607edca06398fb9ee6874559ec293eb,0f34ddecc28db7398c0dd07a965a6b52a7372053013f09e5e1684ff0442ae056
square:hb3p_stop_continue_formal:800020,True,True,737b65d96d4879d5d8184682f6bf6566636a667569435af0e198594e3d2f9cfe,1485992b1e45c98ea51da91c4edb2dea4ac8feff9df93e18d213e35b39e9f1cb
square:hb3p_stop_continue_formal:800021,True,True,13cc0c195b7323cf0a4f2ee557f25372d7f02b12cf5008ddae51a820e544b06e,f26ab7f46e23da1d2592d7c412824bcd8f0c1d2b3ec236346fd1ccdfb9124773
square:hb3p_stop_continue_formal:800022,True,True,49409ea1fa7781e56efeaad57531126ee8b96bcaa8277ffe16f647b1446d4b1d,96b1cb7996de178efc6431b90cfeac97871aa8a0ca9109c4e75013987c842d1d
square:hb3p_stop_continue_formal:800023,True,True,9e61b388d3ec1a76649ba599732500712f63adfb27891d0faa2e61260819d6e7,2b5a89740fa92c65ab56c768c8c2a1a2d2e19311fe5488ab6cdb1cdaa08cdaae
square:hb3p_stop_continue_formal:800024,True,True,536c620c900d57c58ebe51a745bb3e54366231ce1ff7dfe60b8c6f2eef6d2dd8,d601fa2b5ddb229baf08719ae2442660e4f233f3a87adc997dd8416140f71c41
square:hb3p_stop_continue_formal:800025,True,True,1223d6bdba8cd3688a1d4623760d72ef52d871758c7acdbc4d7b1483c0a1e27b,eea42af991eb62ae39faa74231a58484490d69b5f8ae7d9395db10839050893a
square:hb3p_stop_continue_formal:800026,True,True,ac5ee8efafb5db43ea55a4c5762e6601cc9ddb2d796e6008c747ea901c26575b,9157e0229fe60dcf7201f45b7daba29fc715d23cd8443bedc45592e453ad84f1
square:hb3p_stop_continue_formal:800027,True,True,a08fbb3576d5d63d08580e7daac623bd5e37f7a76338fbc09668a7a5b64fa13b,7a5e300fb39a7390f6805eda417d1bba59a5114d20d4e1fe1436204dad8b4909
square:hb3p_stop_continue_formal:800028,True,True,959e607e18b9eaf6b4f8235253eecc16f70d84363c955dd74578d2b0e7ab547c,6af410412be486a4dbcf76ff0f0cc4a3ce40635816c53325c4a734ce3cf4a2b0
square:hb3p_stop_continue_formal:800029,True,True,c3b31bf8a93265001c3a06798b20fa35265e1fed4d90f74e4e400c572e85a9ea,487a8b74f2a5bc725d1bba464997fc6c0ee73f885e2a5649d9e72c6f04a50aa3
square:hb3p_stop_continue_formal:800030,True,True,62caf09a061a6b5b44894ad2d117797b179c2e80219353bff157c14972aa5613,af85eba1f09352ed9b8ba3b0044fbf8c6a1c0b898dcd171cf02f766091c41e51
square:hb3p_stop_continue_formal:800031,True,True,0941cefa93f8d3d29b7db10751c88f121e4b4092ae724adf861b26443d67374e,d310f0dc3180a14fc89637ca039ba477f0d694d2f18c67bc84d3770a0af1bc31
square:hb3p_stop_continue_formal:800032,True,True,f7251bab4497855b1ae3548c5e3048066faabf268053ccf2fa74bf3f94a46293,b648d88182188de6f91b1c35ef3e153c49f70f7cf64cb37097688e03ebc160ac
square:hb3p_stop_continue_formal:800033,True,True,9b5325d93dde6eb2020f2e95d7cad52f25d618fd3515b3b92b6fee90cd6efa40,aae771c035c6fa9e345760133b8b85006b50cd0c14724a316beab705cb13cb42
square:hb3p_stop_continue_formal:800034,True,True,c9bf2b0fd1d2e141623ab39a69c74a72e5a9975f9253bb4189f062bcdd80fffc,f34e58c568b923cf5aea183970807a487974e27cad95379effd8d5ccf0d63065
square:hb3p_stop_continue_formal:800035,True,True,32b8c07d84f64d48d83ab2bfc1c6ac5111d05996116c29983fc43a1659f8c6cf,c79c16993e413dfc056cb14560f407fe0e811b9b7cbd5f74ded1b3c6ab1510c7
square:hb3p_stop_continue_formal:800036,True,True,4a4348796c00d27644e1e89d0ecd4116ec3304748286b81ce63d09324d5e2d4a,f633908c60b973c6a685c4a63f10ffed26d45dbf262218a9cf7f2774a9fd5c93
square:hb3p_stop_continue_formal:800037,True,True,1e3e2ff392904556dffa5eea461f02b5c1614c4c5b7d75d1e38275d3adb824ec,877dbba37f1a3742ca7a094535b46c6279e98eba09f76b63ef4545f358d6882b
square:hb3p_stop_continue_formal:800038,True,True,3ec0f02280090a4555c6004dd9ed9cff64733f551f1a66c4ab2e98a3b6aee228,4f41ee70eb3268c50c1b4d573c6628032423f6bc84ffd74097d57504df7e54d7
square:hb3p_stop_continue_formal:800039,True,True,bfd6b4906baa5d2ea2743771ee92924316c67b6f1cc504a7bbd696ef1d4fdfb6,1241279a32ae676d29fe095b71a8fe08b988c929aa7def6c2d8b5cd5b62b2f3e
square:hb3p_stop_continue_formal:800040,True,True,343b3fb4bdf661382676900318250cb2366c92f9003b5d8eb3b795440a123e7a,15860fcd6e10bdfedfd29b67b0eed2dfd01ea0453e50ace16c76cd21c4097a1e
square:hb3p_stop_continue_formal:800041,True,True,fd8a3efa87a3684fa7fce342d62c35c88fb5260acdb65c4714d00a26fd7d4ebc,79427524eb9c590ed14233c80fe2accbfea17a78ce99b33252517765e68d2134
square:hb3p_stop_continue_formal:800042,True,True,693df6b5a78c0fa0517981adefefe42251f4930db1a5bdd123a5c5cc06ed90f6,39946c57a1dfdab96ad43d5d44da6f6750272a93bb4922a0dfae6da873aec73f
square:hb3p_stop_continue_formal:800043,True,True,6788f0906e6f132ec6f899c6b14e532e0a419609a00cb1e2489a4715f1a4a0ee,75fc2521a468ac5d6c6cae4064e716deb659a7ff17e765092cc3939de15b6672
square:hb3p_stop_continue_formal:800044,True,True,94fb6b4c37b4eca204156c9c74f98fdb892988d3312da2735b81ca720d7d01fd,dd3fe30917da2c0b25aadd346561cf4a9d207db994025f1926ff56f840213983
square:hb3p_stop_continue_formal:800045,True,True,1bf7608e71bd3c0fd354de56cdb2ea2f42a6886d0e92c0be0dd3b03a46ae4f8c,ac6c07a46fed9e8d6f5c26c34398d0d886d5b12a602cdb9359e39d0b3851a09b
square:hb3p_stop_continue_formal:800046,True,True,4e296d2cd6ff9e4aeedaed0f925661300997340280fb140705db652e778b4200,d6d4c49156f73b38fd4062d6ba87f13b600747a84ce1e28c14184c27ed25e0cf
square:hb3p_stop_continue_formal:800047,True,True,7aee5da60b8f16084d04d7001430df21e00b3d7c1edcf909bec413bed5b9d5e9,e1c3902d1f3d7ee4095da9276d48754b402de8dc13e9efdfceb48a1129f97373
square:hb3p_stop_continue_formal:800048,True,True,6056657e59790e56aa8f1a1d1494841f6464172244ada5d25e6b21983de75470,34c30c43c013fb3fbb279b30d15992bf04aa0113d2baa1ed1acb7f94da6504ea
square:hb3p_stop_continue_formal:800049,True,True,38be7dc5ce4067f5a0a90781cf85ac7ed5ad49b94c1cbd01190c80b0311771b4,450d039c1779c6a8d701edc1e4a9468ab6e15da2fe965d00fe187633851be939
square:hb3p_stop_continue_formal:800050,True,True,7ea9fc0e71b877c56c1921084881d4d0695cdd2890f40196728ef040455ffa7d,f659ec5da105223137afe5c646af26d83e471a271bc61d5cfd456d7158838b61
square:hb3p_stop_continue_formal:800051,True,True,045c95c8db9ce1ddc13f747628d1e95cbb3f2be2710cbf7b9741ae4d783c76ec,19ecfb4a5c69868ca1da464214731085866711409f70be93f32af002c02c26c6
square:hb3p_stop_continue_formal:800052,True,True,c4bd17c5de031741ad3d9aba8191d321155021930bbc7d3d4764f332e4e4e17b,a7bca7c58fc186173dd8ba26e482b688301fcd3752cd995b97be0e31049c9ac4
square:hb3p_stop_continue_formal:800053,True,True,72a76dbda684b77849b158071afaeab2eb823634956361b3ffe819dc21e2a1a3,31bdcdb9b2cb9ae1058fc7674dbeb3932e44b2765cb8a36b723cd3ff8bb08c85
square:hb3p_stop_continue_formal:800054,True,True,f44f44897e062bbaefa4cb542f045c401b8dc2d5813693b41f081647a8f99c05,cf07cc8cf9222d6792db3b622a56452f385ea77ba126d9352ec06257d56eb3be
square:hb3p_stop_continue_formal:800055,True,True,b65eb860e9bea8860fbdb9478c919f09ad438e441dbbff286027d7a5d00b8132,7bbc76e4c67b1a4402c13f1eb1e61144bf9c43939c964ebbfdc9ade3969c7ac4
square:hb3p_stop_continue_formal:800056,True,True,fa4b5c4acf158fe1df77e22d68523ec8474dd4c369f1baaa916ef76382dda7ec,43d1be8021c900853a1f432f96bab6b99855d03a233b02a1c2dbc7954bf0776c
square:hb3p_stop_continue_formal:800057,True,True,ce27c9d4e02695338cf34f877c45667f7dfbe6058367d55c059bb36214907298,0f40227dfea4b8ed56bea6eb0e382f2a3212c1d150a70927f1626f073faa4380
square:hb3p_stop_continue_formal:800058,True,True,5f81ec549ef3deeed18a583916f793cbe57eee5526e86c7390512b4de521b764,f72fceb66b044666b9d2755d95c5e205f9cd47ba72a0d6b10160cc68b89edd02
square:hb3p_stop_continue_formal:800059,True,True,b206366917aab63ebe08fb3ab4b81c045d74ae065b894871a98f43b9ba7a9a6b,9be70d4daad0cba01ece29e538012984517acfb00bfb8f26c05a0ba1250189ec
square:hb3p_stop_continue_formal:800060,True,True,f142b128871edf50e69864e144593ae1c5593c49ad75aeacd8ff65d4240058f0,d6aca0e14b98ade406c3ce28f7b1876eeee59b6130b8b15a343054c6064db6b1
square:hb3p_stop_continue_formal:800061,True,True,42779e94075a7ef1775a40f19cd14d246ccc2d393cd088ce514f1290c1139f16,ea40b973cadaa7b3a0d566f855f9ac79092cdcff436854445d054237ca43ddf9
square:hb3p_stop_continue_formal:800062,True,True,a35526eb000142b50a826ca5f6c057d8bbaa2b9c853ec552b2bc5ee2a1d295f3,b3c287727e34686431554ab171becf4f16c2c3306307d45580191775146014a9
square:hb3p_stop_continue_formal:800063,True,True,276c487b9aa54ea6f109f719ab2f1af76362cafaa8f8008cc0ba87a144679870,7be50bcaebf3bb126c076d900ef0a523cf4cb6c3f5ad8f259fa6f46ee1bad588
square:hb3p_stop_continue_formal:800064,True,True,2b49cc752099aef59906244b6b4b27240c57c385f391c9c82758ffb0e757ae86,e29e630cc9b8d5a33ee445a0fe152b8b1e85c283089dd2a90b97db6a89aceb16
square:hb3p_stop_continue_formal:800065,True,True,1503cda048dfa4637e010476376bef178a85bc8962c156595664f570e83b5ce6,3eecaffb714cb3d315cd63bc70bb6ec9286c23664e5e121f014db2bc33a78c4b
square:hb3p_stop_continue_formal:800066,True,True,d9b62d353fd3a9b23e19e9568f10425cf93eb5f0aa0c2341aff10b1ac5ba23a9,f02cb7791c3e1a8225e678cc3203262ebcbfc8c949a502be372e699417c5fe55
square:hb3p_stop_continue_formal:800067,True,True,14ebbbd07e753cdf77c52a1bbe29ea50e2ae2155da6719e7d73004e08c3dfed2,db10fa51c221a5efff6fcf36e7feecf783f15ba364f329e9eb71644e053c1c54
square:hb3p_stop_continue_formal:800068,True,True,398e16ca55d82b4bca00e72893a006fb3c40738348306049b27787b319c0f999,8420e430964944f28289938f0b48b433ff9d6824c9306aae8964f8c0ad31defb
square:hb3p_stop_continue_formal:800069,True,True,e81f84227322b297c7da1face19d3c2e8b2f0076568203838627770f3b8a1aca,e6d3c8a438e78b25932a3531f0880a4ee97573683667777c198469868e54f572
square:hb3p_stop_continue_formal:800070,True,True,6765881fdffdab41f3ae9670f0fc022119ea5379c471818b6f2bf888bd13dbd4,67f9c7de483ae491233b7b9cf2161bba61206e603386ab6adb654de29a25982f
square:hb3p_stop_continue_formal:800071,True,True,e8129f625e99c866a7a4a4f7a3acfd8efbc51a82a6f3d2c79805550ceb79fe06,5293f1c61e50ce4d0643d362caae32e61cde6b484ab15074ac8c862f1cbf4435
square:hb3p_stop_continue_formal:800072,True,True,4c36af474b0076f9ed419b673501a0e4f1ad59c2c474122ef03084bffa73244d,879ad810abc3ce071066d8a98765cee25a04a6c1b726c61da4c80db483c9dba0
square:hb3p_stop_continue_formal:800073,True,True,bf09f726250d11dad59c31380d30c8e972c99a4794a40ad407f3ca819f9a5df8,42a9d46506d3fba7e3492f268df4dec0ac4b918dd62421154c3d0603944087d2
square:hb3p_stop_continue_formal:800074,True,True,a2639f0b62020ee1d47dfac5a86b6a83f73c1b998d91b1d99736c989c3e9489d,06c4a930db11a200f904bad25fcb91baf7fc3846e56c2ba61f5c84256727e46b
square:hb3p_stop_continue_formal:800075,True,True,782381f0e4962500fe2586b59d33909df8f580f7f557756bee34a7a6705fbba2,641784ebdfdcf4c786b85f13a88c494b0f07be5fe788aecf09475356b16cfb94
square:hb3p_stop_continue_formal:800076,True,True,42466a5af0ec476e82ff11945fc723fcf613ec01cf5583de4d6a460a430443f6,902250e1fa488e07e01b9fadde918ef80edae74906597366183eaa4e2f5d3b0b
square:hb3p_stop_continue_formal:800077,True,True,9f20b82f6cd34af897ed1e3637891109b892c7556dfb5cee1a2fcbb347972631,3995f0f28aac9709db5f6f3794d66ace5a19b0ec92d090053d02c11e83abd1c8
square:hb3p_stop_continue_formal:800078,True,True,bc11046ff995a0834a1df32e2ec26e73a37e1d9a391d6c9cbd02c3cf9dad4d1f,69f16112c0ea69fbbdcd40c7fabf24080126bd105ab5061444b917f5c702a493
square:hb3p_stop_continue_formal:800079,True,True,971660f372d4bcd6d2d4640c86371d056ccf8f9988172c9b94b02cc7887daf07,fb002fe8b6c0210969716ff28e838fb087136b23299370faff0c971555cab8a0
square:hb3p_stop_continue_formal:800080,True,True,44a3fb2cbdb886ba01ba8c216da0e692ece3e4137c24b611c6fc81a8f1bbfcb8,8abf94bf798f03652d5d29812390506d9938e1caf4649a1d97584ff936697b43
square:hb3p_stop_continue_formal:800081,True,True,d1cfd8e0f842253c56c239ec545ccb5732833970545ff43238451e1025100011,9e31d1c81dced130577f546da285596513267953db2808da37f9d4922c589f98
square:hb3p_stop_continue_formal:800082,True,True,a1df15cf83e02db93846b2f32e86da91d2eebdab7506eb8a1d4913d597339394,2a0b5bd6e3f7effccff4f82bb80de3b3a08b85b906de9e899c6fdb43db36819f
square:hb3p_stop_continue_formal:800083,True,True,5b48ec63a71c37796d84720cf750765ad85dc870031abf5b9084b2e543465214,4d0971ea02cf4da53befc546fc30890edf1602816e8ae81db293f6525ae1f8f7
square:hb3p_stop_continue_formal:800084,True,True,e1250da8d042a8e2185f88291ff111d60aded33a398180639989d5286bb39263,1b1692ebbf1ea21cb69911adc94f5bf2c43a9dcfb056dff4cc7b98ccc6088449
square:hb3p_stop_continue_formal:800085,True,True,50ea1b26bea132c2e1bd5a227e13cb949376499e43957c48a3bde94e1c7dc311,fc8512b139a1e15254177f386f42943038c2034dc138122a73e0028cdb8b7ed0
square:hb3p_stop_continue_formal:800086,True,True,65e25e3aadc77b908d50cc59a2e3701e96f783fd7a5e9a4f388c96b878e7a7e5,f1ceaf68b51a278d97715efecad8bdcf05d2132fc8a91d98d3f0ad0eb8ed66a1
square:hb3p_stop_continue_formal:800087,True,True,0b1b03269c952823dde08428f7fea26f4c9a910c25942173677f1327f60fe4c9,a95c4f13102f153197dff28914be49487c4c5a412726d1b547fe4a85fea25e40
square:hb3p_stop_continue_formal:800088,True,True,f6c893f11a32319c860cd1f80007592595322982e58720c91bbf0463b2f2d9d0,8eb768cf586ccf53601f07a235aa1fee19151a1612338ee5cd1510187293955a
square:hb3p_stop_continue_formal:800089,True,True,c7a0d9a0cbc1e51dd5f89f854b663db74c02c095574156027b3b679c03db712c,b7ffd9973ab1f00d9265c4907f8b3c0b99318e85009917710f32d7391f5dbad4
square:hb3p_stop_continue_formal:800090,True,True,8ce70e194336af50476e6184e5479343b5d911d6a752ff27d7cf32b1b99a346f,12c724f4f1ae0c3fc01fa819dc12e15b198a5dbaad92b1e558e96397c66b3cf6
square:hb3p_stop_continue_formal:800091,True,True,392182f91b9bb5f53f759c09d523642f0d947ef7a68643a1b5a45352cd52ca75,38c38274a3707d2d538ce74c000bf26071bb5058ec988091b61159b39ffc3ea4
square:hb3p_stop_continue_formal:800092,True,True,6dd8cd289c4326dd6e7f60d5cef2a1a3b6bf0dcf91190f9e65c035bc825aa616,15d41df2ba50c1481d72bc227dda36e678a33b5cd943cf2bd38c24290f65a950
square:hb3p_stop_continue_formal:800093,True,True,a12dbb6b48c84643cfa63bf6612c7248dc62f3fe4d3a12c9c19d82553ebc4021,57890aaf1e2c74ea9c31ee22826c40ca988e4f452eebd2897c9c04201be11463
square:hb3p_stop_continue_formal:800094,True,True,207ffbc25974d0e300ddab0d47b573a978fe3d1a10958c523e1b13fcccec0388,992b3e88645d2fcf1650ce817eda8ca0e2f1acc509691a7cb2b83ca0e1252716
square:hb3p_stop_continue_formal:800095,True,True,69ca64be9ee55a005f265b4779012768810cc78b36a546c1184044301bf5adab,743fc295adffb2fb1dc89198ad3e0d1b3f3e924f421ad44601613da386560989
square:hb3p_stop_continue_formal:800096,True,True,9beeab3be6894a67944e79d6b9babe1f89f85edf78c3c52de1a927620a85bb67,8557e4c077e2b4399970ffc9860c33b01313c69b7dbb20af4ebabca4dbece010
square:hb3p_stop_continue_formal:800097,True,True,84f6c0bef93a30d6656abde9bad57cb7384bead4c0ba99b69c55f5459a3805f1,d47f5b7f70da3b8fe6f6208cc9d9377f89c69a52bcee4b37b7d3897fc62b4f8c
square:hb3p_stop_continue_formal:800098,True,True,949f26263b1718bc456ef52d6fef2ca62da030277d8bf3f69185460225ce8bf2,04e4eb2981b23fdc976c395e21e8a9b485b311b249122f43d29324e0d37abc6c
square:hb3p_stop_continue_formal:800099,True,True,b6d5c747152a07dec1aea6214bd8885e20f8934c9e4a1258c81cd9d2924937a1,efb389c8f38563997989472b2979ee7806cb714c9705fbfe67889fb015bd2187
square:hb3p_stop_continue_formal:800100,True,True,3d6a03469c069b596101de0b9dc592378aeb1048e96b5e1e0c6bca968d733d72,c80185ed875dd2de48ab2a3f747a402574b970944a3388ea2fccabf2abf538de
square:hb3p_stop_continue_formal:800101,True,True,0e9b5d32ac8e76a6a385744a0a91c85a1da6a93595ad0d5836ebb17fc210e5e7,614e719cdcce0be660d87a192ecedbf72a66f33a5f8a0ec0c875e4c0eb4c3254
square:hb3p_stop_continue_formal:800102,True,True,6dfa1346eea6f39429a18f2cad0ea264ba55f69ffb650e6fc7488e90cc3e8396,cf723657c0d513c217fe2aa6ce2b9dde58f12ace5742d91af317976bcf6d6b70
square:hb3p_stop_continue_formal:800103,True,True,6c6c31045b5082e2745bdbde6147393106b82ac48f02e9bc50d5a0ba144d5a96,dc8ab7b457ba1a8ec42e7e6e85f2f6f3959824a565a09f3d74bc0caf13e540c2
square:hb3p_stop_continue_formal:800104,True,True,a53c364f13898a02d323f90602b075f5f8e647817b30927652098ec50817adb9,64a53c142546a84e2e4113bd69528ae8742db2fa0aae06db449f81fc2c25b739
square:hb3p_stop_continue_formal:800105,True,True,bebf9e4bdee149e774f6d1eed621df6944cce2a27b59468b5c8ddd530bbeceb5,28aa90acc62f19ef7791fc3ab7d03ef98053c90ef182addcd4cd761dc97e0f58
square:hb3p_stop_continue_formal:800106,True,True,4f25823c7d1159e342795b8d2349fafd69d8de21c8be87ee03c86007f91dd223,d4ae8eb7c95613e43e0d5826ce7ddac0a41c68c22c2d4a1125b9b188201e3f45
square:hb3p_stop_continue_formal:800107,True,True,a7e602560f4b01a37fe66391260d08c138ee3e417c12fa69c7ff71719f5049ee,828d2860935e8277a0b4e4c36c427c419ea26919c6d81b63ccac45b7c5ffe131
square:hb3p_stop_continue_formal:800108,True,True,10096fad309e06ce81ef6c2fce45f684edb2404906f40862b1f9c35cd88013b8,4ab30114524417f24e345cf7e7469da6694437d6314a0d4533afde66be626be7
square:hb3p_stop_continue_formal:800109,True,True,b5b984b2e5c2e5c4fea89e69aaeb29126319dff37acfff38863ad2c4cb08a00d,1bfea2aa21ae112a32c7366fc6df502ff8500b4cc44a56efe1d8ae2a415702ab
square:hb3p_stop_continue_formal:800110,True,True,4b6a3b937c96edb22ed177ea755a0e12bd26aa1c530053ac69a906d78c5288f2,1ef9d28f86f7106484bcc32413bd319ceaf38b27f798a3e4d72239f67913f0a5
square:hb3p_stop_continue_formal:800111,True,True,5b259b10c36af0cea021171ac41b515b98bc212d64d0d42dfe5928e49d3b3055,35d2305d5a6dc6b8812f69a7f44d9e9c633f29f13fb80a0bfef5ea3484c2b91b
square:hb3p_stop_continue_formal:800112,True,True,40cb3afc3dcaba8221708116fdc316126c43a87ac94c0e980b5fcc0c23ffc7b5,4aa892308f52e793fa092922e65427ce61a816b5737c5042f1be82da1885a680
square:hb3p_stop_continue_formal:800113,True,True,bb88710045b5b050fa0857bdcbc1e6b952c239c05f09eff0e340cd62ea9a2e5b,0435da0d27c6f44804c963ce394628cd549f103b20305a6903681025b0b01925
square:hb3p_stop_continue_formal:800114,True,True,d3800102fcb294c8788f286796c85b59a47baafb1288f1b75fd378a735ba08d1,f1d3fe857b3f726c78726bbd1c16e954c78863393fceda34b7545f6a0825ef98
square:hb3p_stop_continue_formal:800115,True,True,c1ef729e64c784ad38a8c5cd5d138f8585157ea1e5109076471d069fc3363747,ebbc5537b037915d4f22405773971fa2e9c10aa437b1fdb106a2a3027286ba36
square:hb3p_stop_continue_formal:800116,True,True,9ca5872acf581e3224ec097a021d0af778b0ed633a814b99d5ed32904b1f3755,552c4d53d991cd4afc91163cf8de2dd07ab603c7fb269fec80f98f6c86bee50c
square:hb3p_stop_continue_formal:800117,True,True,c19115e4202265436eb3f4e81a7d7ca922a8bb0e7d890a55dee5a60d9aac3dc4,7b9d563aa4bf6b3ef753dd66732ab94625a999b3491abf500d1865c152cebcf7
square:hb3p_stop_continue_formal:800118,True,True,2f3a6ef6eceaed92fa7171896bbd9aabe0687ffddbd429ac5df8e0a75609ba1e,3aeb44b1c08bc50b2c47c875d23369909654170d600492013b7a28ca3927d61b
square:hb3p_stop_continue_formal:800119,True,True,8631c3a42bb74f1f51d5c7f42c18d2338ab2928d8fd22fc3acc232a29419c062,92486b213fcc986e7f84bd3a191eb3f2d8523c13a51e4bb37ddc2ed7810bb639
square:hb3p_stop_continue_formal:800120,True,True,217129f24094689f1d6d7ec85233d1f8745f5dea7d094a0a4b5ae44cecf10ad6,e25fb096c059c41a13908ca0317f007987a94468b289d0043041201c437216b1
square:hb3p_stop_continue_formal:800121,True,True,1dc9efa77f0ab591bdc629f58ce666f6fe7810a69236ed944843b50335d3060e,4325db651e7096952776455fe68672978f5c10462c97aa34ea1700c886aa61d9
square:hb3p_stop_continue_formal:800122,True,True,4bea74eb875713d1d61b6ad404b70dce44d09452e9d629cb2ccbbd27d0bfc374,bf16231871e310450779a63d9e4eadfbaee099dd5c91e357f2fc2cbb7a6b8a20
square:hb3p_stop_continue_formal:800123,True,True,df66b514ffbc54fb70c66ff472f9762a7be7444633327e80ec3c268b71ab9cfa,cd0e53cb6ce8a234aab4ebb0c5dff4381e892772f72bd9cfeafc5d5655bd9796
square:hb3p_stop_continue_formal:800124,True,True,7d18af4862b28201e0ddb636fb23bd1e4a6c2402cba10f91a2da2130d810500f,f678ea04d94273c116e9cb28c829028700e20c55de6e1fa88473b09e2ae2c8a9
square:hb3p_stop_continue_formal:800125,True,True,7b97234e5ab6679f16c8433464f45e796be0ad9435d918cf1de02b88b0a6c606,a3bfa5a0b30a7cbfbfd04e0fe3d1be68ee8c25e5eb58b8df2739e01a861a7163
square:hb3p_stop_continue_formal:800126,True,True,959ab96f0c76e55c86fed854fd6b37fb484bd5cad2e704640eb3eed6af0dea9d,9cf94872035f38c04c0ffa287027ed56bda7c6de4c1768ddf080a5ba908dedae
square:hb3p_stop_continue_formal:800127,True,True,f5f410da2b288248e99fa63bf36ea31375ef67acd952f49e0a5b11758d5bcd6d,940be1c352cfebc022f8952398832bc3b211fe8b9859e4740f5a21b52f1f981a
square:hb3p_stop_continue_formal:800128,True,True,c2449578e19b28447ced3faf239cf63ac55b2e4fc2e47ff6995ff9be4a937a2a,be8b76a40db2f4f5f317f8f2046f6605eaa75866c4d722a8be747c84933d981b
square:hb3p_stop_continue_formal:800129,True,True,31cf3be0082034620e8ee8a5b8b6c5691dc90da47f94ff008de0cef69244a17a,44fb892b9b9fbf82d753f2946197b2b11116ed8ad3d80aa54909ff2721a88407
square:hb3p_stop_continue_formal:800130,True,True,35b723f8caae81d9546ae7fe5e2a9c9569dc26391078df96e1fe2a9d2a362f44,f7ba275cbbc19ff4e1cd542c9da580e492092ed99868670ab89593067fab409b
square:hb3p_stop_continue_formal:800131,True,True,5ac540f64aa17780947ed92fdfabeed6133029083d8ed8c7ae0ab4aff8a82cdd,982c71869f5c3e82d0df6545a49ea4bb5781b52f42084241d72673b01b869105
square:hb3p_stop_continue_formal:800132,True,True,f4408699b35c3a89e01cabd46821cda90682ea86d8266df16818dd3c28c0c7b0,086dbb5d0561568518853244080713355d790cd23d1bfe90ad5dfea8666e53c1
square:hb3p_stop_continue_formal:800133,True,True,c4a33c7b8f3094fcb09771a6222652eb2713ba4930b5e6a95ae17eabdb5da8c4,371fe09a9262036461cf77c30846c414d77bd96c822d3b8374f565f7878fba24
square:hb3p_stop_continue_formal:800134,True,True,3cabd65965f9bdc77d019d6d1f57063f1b5318f6e21d9d5c522c9ff4c2da850d,6ecc98fcc23f05b10b08184e8b85a63fdb78bd8be8b1ffe9bdb91887b3788f28
square:hb3p_stop_continue_formal:800135,True,True,117c90ef16894df612e6fbb931307ddc7837197670a4637d10c82ce9110b0207,6d92eedb6f5c6496f387c03e7ce50d8426ee1b80c07f87c24d6b0e42a3ab5c4f
square:hb3p_stop_continue_formal:800136,True,True,31b0e3dfb76656412774425e68a86232c65dce49f3fd53cfd5904cc3c2cd682c,63f39540cb6ac3cfc0c75cf222efa0a8be5e2e4ed1dce944be25ce54e73c6762
square:hb3p_stop_continue_formal:800137,True,True,7b6c4eaf99b3550f503f4ae04d8c8037f8fd2bef391ca60e99bd79d4c18b56a3,60a33aabc3b1de6b265a65b5929981d1213fd8c94ff63f41bab394fe71c1453f
square:hb3p_stop_continue_formal:800138,True,True,a1f7118562004e01367f4372eeaeb6d7a01e42426c3ab2f1a0372a778f5a123b,552f422c7f3e7e7a90ad0e44c80c57ac9a4d985992d819ae390dad36a007a88b
square:hb3p_stop_continue_formal:800139,True,True,9423ddee477de069175d43f11f74478018170d070d87ddb2afe1c7303be84295,49fdcd58db919be3ff466d3fcb31b834f5b0072796b4f2e3e4fed24656383195
square:hb3p_stop_continue_formal:800140,True,True,42bb77e04f5b4cd3a5e9b6646bea680cbddb1e2487e47dd8d0c7802d75c4b0da,2fa31e39dc24e4df267345cb665eff737e6a24c588abab05757309fa60cc23f4
square:hb3p_stop_continue_formal:800141,True,True,7b9f2f845d1ab80710bf1348d9705a3ea359773681e06d80a252bfe5dd882f0c,0a4d01aef4612d16a5760e53ff058cb79cf812ff4455f8553903f8dab46314d9
square:hb3p_stop_continue_formal:800142,True,True,464676068338f02394937ce0e2b24ff21daaf958ffec9fb4acf0bfac21a5e8b0,c7fef2d46bed7efa2f3d5a8ca0ce3e535fd1da38e7e3b6b6a740148d7a3d9388
square:hb3p_stop_continue_formal:800143,True,True,a30ebf8b4f9b571b2fde5f7605470a2be5ebc7dd9791868a661d1531e1c621f8,2c3eb90fa026486cf790425af93c0305301ec9296968192347053012c7b3bf3a
square:hb3p_stop_continue_formal:800144,True,True,22ead96bfa9888d689a341384be2a8929992e1e41eb338544aa57a84ff430f68,0a4477988d86f4511a5dacc6e937a4fb1ce21b97ae86a29dd23f80cf31c5597c
square:hb3p_stop_continue_formal:800145,True,True,74053bc94779610100053c2975ecf38d75b985858224aad1f5c13832317e7273,335c38331606b142011603b893ed0ff92ebd0270b2d657bb2e22c4124f6427bf
square:hb3p_stop_continue_formal:800146,True,True,9b9593ca7e52f5a5a9cb546c1294704df0cc76d2c8d8c1b6407d7e2ba42b089a,33cafa64240c1f818fa9afaaaf89a46c495331b8fbbb6a10d0784bf98700a840
square:hb3p_stop_continue_formal:800147,True,True,026f6647e695335baff01f0a17d63d5e8e4f549badb70bedca81a78265b8df45,e5d9a4bfbec483c0bff95e9475cbb4e86291fb7f5d41618a0f60ebe6cd696425
square:hb3p_stop_continue_formal:800148,True,True,908f4af55bb1eed971704b5cd20a0f630fe9f97e3f7e45e0b057c08420dca197,c7e82089c132cc6cf7fda07cd1b8218d7f1e21885bde2dd7f37358ccad9d5d7e
square:hb3p_stop_continue_formal:800149,True,True,33ab2136c211bb7a905334de066c8dcbeb74405108b024a490974ab27ef9b837,30e93d2ea6548b6e2244a0da8b5ea9ed8d425587b145acb3c797bc0746370c2b
square:hb3p_stop_continue_formal:800150,True,True,7b584a1514ec374d448979112f0ca38656dea4b5756a97769f5a3773a09243d7,6c478ccb2357cf1559c5e06de6738fb9b64c2b3b99cfe77d148a7e304066fb44
square:hb3p_stop_continue_formal:800151,True,True,b58d33249f99780ba8c2c4a8bcc78beb609043dd59f323977bec6f55276dd00e,4502744938341dc7a5a845d8cc0133c97606e75efc4231f894b1c37ec6ccc366
square:hb3p_stop_continue_formal:800152,True,True,10c493759d192e41bc7a219b4a22d3d17b4356a9ba4f56cfb233254b67291943,64f50a53b378815ce96c49e6f6247f88d61dadbf1482558cb83db36fe03a18f7
square:hb3p_stop_continue_formal:800153,True,True,c3e9b6b5400ba2e447b7a2d351ee68cb64231d26a54b70fbde42524f5d4cf391,a7b9575e6029a6230dd6c6ccb109c974ed996239ff252c56fd5f07d72c9a6077
square:hb3p_stop_continue_formal:800154,True,True,1a23832ebc8d7e6854fe6354eb980a78c4382948abc8f0f49ddb6fdcbae3d1c0,40bcca3b2c3a665a42c3f950924de92b250cd1e166e7ae2a18ac8a8bada7f6a4
square:hb3p_stop_continue_formal:800155,True,True,9d6b5a192237d05665f8b053493b972d5ae5eed4bc9fd3efe848b643dff9fb40,7a352584edfcd03106131bc9917a649c67c2012d6fd3b5e11dc0f9c2267e6d41
square:hb3p_stop_continue_formal:800156,True,True,af86ea3e4283a0f42e66a92ab8eae0fb6cf498c68574b2d8c9459dde198f50e6,73904a55c4e057c4a73ab1d0cd1f69a5e6ac96aecffcda82e03eb9d21b3c7e20
square:hb3p_stop_continue_formal:800157,True,True,7b8080194f481e043d89dd2eef947af02f9c871eeb63124ed68375be82c6b6ff,05f0db7929dfa8db60b82e6f2b1aa7fa4c6a2def320bef1c677338fe6587f65d
square:hb3p_stop_continue_formal:800158,True,True,9415f4fd255a8822cb0666463ca8fec773ef4e964955e09db035fda4b6b07aac,639ca1a2773bb4e6ef24b13cefb6a161add8c0bb276b90d63e0c0e2474e95afa
square:hb3p_stop_continue_formal:800159,True,True,3d5d0ebbbfefa47d316fd0bf89da0165a543b876f2a06b33537591d0541ddb4f,0a51e8433f01faec07a26bca89a8b028813861d74f03740a08adb1f8cf986aee
square:hb3p_stop_continue_formal:800160,True,True,be0cb4e90441adbd6b46c7dfb75568653bb299ee543441e7d0046b47c68109ab,d3f2d923da43e49c7593871747f265a60faae6af8c2b61cb15183d6fb6b8b06d
square:hb3p_stop_continue_formal:800161,True,True,d6ab696e57328009d813885b7b26103e6afa7af3b7c6471c63c6a1ab09c89b35,4f6829ad0bd5ed0b3aaa49dbfd58774187149f524557ce73fd86f7cf9700e5ec
square:hb3p_stop_continue_formal:800162,True,True,c45fb554a4a28dc7c74cb4f0ef906e2a313cfda9ac4c7125c9d477c7396019dc,68a60b3df34cfa4015493283bfdedc5accf3cf359b0d41b16ca4c6a3c920ec9f
square:hb3p_stop_continue_formal:800163,True,True,9a8c3277d2b9f41ffe24e592aa125a976afdf3733dde800c24c8bc5efe9c160c,f6ba9e836bf248ea1a94aa5ac2efad214dde0e6ec73dbd172c35a82a070619b1
square:hb3p_stop_continue_formal:800164,True,True,3b66d9f73a507cdb453d85cecd2ba630a856a45d6d2c94c08ebec77cdd29e6f2,b50eb390fb6927d397bcaa8cb879094684a72ad8d892c30de455f5eced37f99e
square:hb3p_stop_continue_formal:800165,True,True,c0072669cdf593d96895b6be0c82a7666aff8485e06fc9262e9fb5a5b19dad03,d8cd8377a0a80c272eb03188349bfa379bcee0f80d8071bbc97e882205af6d92
square:hb3p_stop_continue_formal:800166,True,True,3972abb44b6a417a48cb0ad1553ecbdccfb526a0f239513e3701666a65eeb729,27dde027b71723dabcd437b8d2cf169504a0a312f3302c5e8b6ad44931f41bff
square:hb3p_stop_continue_formal:800167,True,True,6a94c9bf4b6d6cafd3747d1b2028a612e00adf50c341cec2471ac871b5c5c8f9,56cf23a8a5fea4cb53e6866ff6d51a163dda95d8da93b534d2735a23257502c5
square:hb3p_stop_continue_formal:800168,True,True,9ec2b0683b55588533ffa798d7d8b2c408837e007a198b2e66662fa97b5b377a,a7b9c43e006967bd5f8d05dd2cd84ec25a71e8f40e569cf2bd2674eb1fe72703
square:hb3p_stop_continue_formal:800169,True,True,4529a0ff5271aa640d6aea3a05bf35fbb477e73d39398a8677c74763e0981ccd,924a3e3e04fdadab8c7f94edb3e5ba053324d4e905310029a755bd3ab12aa985
square:hb3p_stop_continue_formal:800170,True,True,62e5b36b56e26ad9618791fa329340973c52b033ab9c3697c363c1d93754431b,857a3fa28886b0043e03c0dc355c74893976edccd074e30321d50125b93857b1
square:hb3p_stop_continue_formal:800171,True,True,efdc029fa42672b535d5368df99107daae8dc7f0c0394c0d620ae7771c0c3e21,e05569c6add0265a2a4b15822d636328fa2fea692609720f1ed0adaf5598d5f6
square:hb3p_stop_continue_formal:800172,True,True,082230601a13031026f27df3f810b5f98da8766cb1944a26d884b0dcc92b8de8,858f138773dab1be528d3e3a1e93566f9d713cfaba2c32b585e91903ecd8a26c
square:hb3p_stop_continue_formal:800173,True,True,31ac3b0a3382514483ee4a91aba856bef92cbadef58ddf637fe3534c81b2d517,8f4bd681c2ac47ffd16fb97e1c913fda984ab1a5de1cddb7d7f01355f6f61d5b
square:hb3p_stop_continue_formal:800174,True,True,b4d55676a4bed4819f1185aa802110521ff8670acaf14d1f8689ade80c601c06,86662685ed3f7bd8b542e82d02994c7db83232cf514d62cb92831e06d5b066c6
square:hb3p_stop_continue_formal:800175,True,True,c339705016e9811857a47781e23a264bf7d03a4c6e5f40b8651640ec1670aa94,a58e0a2f2e11aac4482c3dc3f5deb5d1cbe2e96abbd1c7ac4bd8db9d0613bab5
square:hb3p_stop_continue_formal:800176,True,True,2b3724ecbdce02f84f89f3ef29798c22ab332aa78b33f37aaa04ebcb75e6e23c,752c74c7e66b4f6f3f330cf050c9879f0918444f790a9fe4a0e84b6f98edf863
square:hb3p_stop_continue_formal:800177,True,True,a4af1b9109e94098f1ed62ce8ba72810d3d365548007278a4ccc96dd23794723,c695428baf5089c0af89c7db51224ed594c07b8a3816fc9615335fd9a3673364
square:hb3p_stop_continue_formal:800178,True,True,34c0986050ca3c880808339ed6a633711052b72ad412a8b67e4fd6bc5c7297a6,9e36e0424824a17430fa532bcd4d44f0d5423341c01c714b2b15ba7e261cf545
square:hb3p_stop_continue_formal:800179,True,True,4a41e204fe8cfa595ad2a6b86e7ec7b2144d7d8d1d50b5e9e4e5c3a015935952,f0b234960f89b4e7ce4ff1811bded7c1aee4593b30af7d1eaa24d80e64940967
square:hb3p_stop_continue_formal:800180,True,True,02197adba958fe63d59adc4347243d63fc9b4bbb51be3c92e588f1d22ba5ecea,2e477d34e9dfa8ec5e6ad6d753e626cab67bcc2f0c71dc71cb6a972bde6b61d8
square:hb3p_stop_continue_formal:800181,True,True,a75686d7cbd90b27d160969f3fcaccddf14333933d4b3dbd592e9d45a881328c,dcb2671c8bd293be3f028114487fd7207ff9eff3604e8ca1204a68a10223e009
square:hb3p_stop_continue_formal:800182,True,True,60b5a772ecf7e2f197c60e2c14c45833f819a7112eaa131256c5e249a6338669,0998d01fcbe2f4e58e0f584276b29af63505a497746dfdd6dde5e667680bcc93
square:hb3p_stop_continue_formal:800183,True,True,6dffdfc7a53582f16b3bcc1a800d573dfce3273aa6f89679c2252170f1c06492,7c6bd233b1447c678f57a522386f01e0fd00f303440df340ae37720c9d112508
square:hb3p_stop_continue_formal:800184,True,True,1bc0282207e6ddc447f97eaa3a805d47e9ce6c673cab215669ae4658a5ce04a1,082c0b51cc0044ac8e5f41fbb6f691db47eda80971b2420df8a2cbd4cfbd0525
square:hb3p_stop_continue_formal:800185,True,True,fc3fdca5223abe86ec9c9bc4baaa48f236c8b53a1eec31a30c15f3c2a97220db,5202ed3ae040966af9408612e48ce7db9797f0783534dc6be05e33620479ceb3
square:hb3p_stop_continue_formal:800186,True,True,8a382de0b1edf4fdc3c6da918418f5a339126563785c191962a64e9b5942608c,e0275caf14974a0f50dd8cf53992e075fc4b5e3bd69383a48a08e998b7e66f34
square:hb3p_stop_continue_formal:800187,True,True,549456b137d6e59a56f402907ae34a26326ac73933fff997ff9c713bd19c16ee,0f59cce596d17882473b610420fa0baf68b29b795720a8e1d27595d129478ea2
square:hb3p_stop_continue_formal:800188,True,True,8f4e562edde657990de2520d4c1d6e6297865686252701e539351cfa61565619,3de2a937744479d21797d0f39b50efe0f7183f1ffb9370809062651528b0f456
square:hb3p_stop_continue_formal:800189,True,True,966c10d5c1bb3b7651e4c160fd87f5d50765932b0e4f3e48e801a901bbae51a0,5bdbeba19c7c7aa08aefe6641dc361d2749e909f16364c4c40cd96516f49ce6f
square:hb3p_stop_continue_formal:800190,True,True,7b132c7ff305cbea9042978abccbbb6fb850ca80aac95d995f8c22fd6955b9ac,31a13b2ab759b67ff5e1421eaf5b73d5ba66f0cf92ddb8c1fc7dbc0e0ff0f199
square:hb3p_stop_continue_formal:800191,True,True,ffc5774d8c4f7866e48f1ffd26c7e1aa6196aff8eb880d24c203c0afc3a17b56,679200be6bca20121ddfa0d214a2216a76939e50728693119468b98a4c2bff26
square:hb3p_stop_continue_formal:800192,True,True,224bbd059cc45114a495f0e41da6db8600994f072d2f86bb9c7c5ff37decc101,e759e918835daa0069423f957f2246461495c84b386513b2fcf6ff098a865010
square:hb3p_stop_continue_formal:800193,True,True,bb8129c75d40c38f4451bfe88b4b3f231218504e0f6260b18fe650dce55bd669,3dac4d461e52dfe81bcb5a1be602f1ae08548f1fb9c1d43e68759a1486d5d0e8
square:hb3p_stop_continue_formal:800194,True,True,2af78dd2de7276ab6eac8fa82ff9161889853c091cfa9c00702301a2d2d52034,23140c62321fd004719880bec794ba1e512afcb242f5cf9e6e16ef0269478ffb
square:hb3p_stop_continue_formal:800195,True,True,693c514e0fbdbba11660c4a64e916c2740976a097b20a8dcd5a22619b6945961,f5157eacad9e3039ecd24030acde4a5f7ffe8cd93048413c102914432d035bbd
square:hb3p_stop_continue_formal:800196,True,True,282569cc98f8ca65856ef47d0d6f1b3afc61c135241830879badf1ff4f0e9ba3,f9c1e03987f07f914ace3b0b1c523df81d29abba94ef730ab0131d652e0ecbb9
square:hb3p_stop_continue_formal:800197,True,True,d93809d9a8b9c3d2a77f4ae0eba1055b84bd0aa7ff1beb049b96ce14cc643988,d0a6dff1249af3b8cc57bcf80b80bfaa45fd3a9551849dbb53a53b6bfdd2995a
square:hb3p_stop_continue_formal:800198,True,True,f33815226fadb4775a0b56a7a990a64945c56b96d7e3e30109d084668e0c2b46,3c8babe8b865efaaf3f69b70e17ce4a48963cf48f98a3f4452c28e4672aa2924
square:hb3p_stop_continue_formal:800199,True,True,717ca6a7cd87d532a28794358c944d18d6088dd057c8509347ca1755cfc1dd26,8b24b09c5e2ac26c4abba06d82c1389ad4c43303b6e383fc5da100d6883a5f09
square:hb3p_stop_continue_formal:800200,True,True,4d8ea1d60746482727d84042b5388be562b4c1e0215cf8ed3aa537252c38f974,e42c9c58f3bce744753286a551b3a7cf2de00343c1879214f68e0ab24ed398ab
square:hb3p_stop_continue_formal:800201,True,True,0efb43ee993c6db391b81c2faa54b96dcad8440f972cacb33b7299e43b8addef,114c0f3a41c6ea724157318406381773afd224e00140dd197e6eb85d919ee215
square:hb3p_stop_continue_formal:800202,True,True,1fedc450e825457a96468a0874b534eaf5c7441f9ed639b5f780c79b4871b344,5e5a453f9d54bce26fdaf66c98799ee26b6877aaebbc2b8da3fdbb08afc3d180
square:hb3p_stop_continue_formal:800203,True,True,f638cff512d123975776b63408d96270ae05b109d51ff8d7bc47173719363e83,e5ad2fbfd8f45dcc1bfaf1ff40ece3b4a8da82263533810478887057556f75bd
square:hb3p_stop_continue_formal:800204,True,True,607113ca1cbe8d16cf119aeaa100526ad42a52f4d517cfa2f0022f30d7d37bff,86c4c4b92fb88d282b581e5b08e2a76ddead33a0304c30fc49464fe4199aa3b7
square:hb3p_stop_continue_formal:800205,True,True,bdc10ee7225cb9950ed3cda7a846434d3a9a73dd05114d0815c30c4dba2c5a97,83bba1874d40a63212809e41397d88f980e0227d47efb736bfa4cce1d431eb80
square:hb3p_stop_continue_formal:800206,True,True,2ed342044068224c6079bba24403306d9c6ff0e55242ec060b885ba451810d3e,135817dbb1bed061b078ef3f30a3a754ef5b57f7209bb9cd58ca4f0e8d4ab67f
square:hb3p_stop_continue_formal:800207,True,True,0c1d80ed2509cf2fbcee998a4099814bb1080d76a09777ccc463747d57429183,0cf1c9f5d289b4b0b7dbadeb7aa50c988bcd917b2a9b6fc04233a7fc82b98ccc
square:hb3p_stop_continue_formal:800208,True,True,085df400411a13a705261f249fb6392445aa1150d8a4563c7dd1de634d958956,8c74dc2a89644bb3e81d12bd6ba1ecce3e756fcbc3f3e8001d2cad21086bad62
square:hb3p_stop_continue_formal:800209,True,True,1c4a2144ed913f9b1a65fcb9141847ab0b3be7f66356be6c85b86c8cad7ca360,a0746d609423875c5b8d5c4a9bb1064a35e15f7a593eff0cd02c3d0a4bf3986b
square:hb3p_stop_continue_formal:800210,True,True,9ace6221507fc59c3ecaa26bca079058633b97708bb089b292e37fbc684f059a,c218e1a1d33d1d8e29fc58b94277748f27c3fe2bcb3be334624b3b1b544bc7d2
square:hb3p_stop_continue_formal:800211,True,True,e91cb49c4f1da7952811a6e08a06ced963a33e434db0afc50b0030eed496ce14,0d2836f51f67ef49cab1b390666376ccf08f066c96197fda7e0ffbf96a7df40d
square:hb3p_stop_continue_formal:800212,True,True,c82bea7611726bfa5e1c43b6d4783ac36de84f8f5b68e86b0d4647c0d8eb01f7,dd6c30f949fc9cc995b114a7e581893ea16ea8a4dbd6c84e3160a50ff271f1ff
square:hb3p_stop_continue_formal:800213,True,True,d392302afa1cf8b9b19bd14b91ebc3569e71db4c2efd8f180b951e7eaf4668af,ffe5b0aad7814654fd9e693b1a64ed14367c3c7722fbb26894c6439830c1c478
square:hb3p_stop_continue_formal:800214,True,True,e6a2200918ddbaaee1ba6fe5ce2821684903ebdf823606b2da716fbd6642b606,2232a39496514145d35f60d26aa36d1813803164cd8c3ba5105e9a1f928c94ba
square:hb3p_stop_continue_formal:800215,True,True,7df54a6a054079a93305464177a0fcf6542f6f77f9d22af283f6fbc446e45deb,6ab36d2039fad421a179886d210f0676ae6468c2a4713389a133cb89401ba9d5
square:hb3p_stop_continue_formal:800216,True,True,a84f252247dd010da791253b6b0afb3cc0646e70e9e1ca15863ff9fed9e7240c,beedcc4c3140a1a164bea24d290aabe41306048e01de6a6a49974cfe31032f91
square:hb3p_stop_continue_formal:800217,True,True,cf9142e9783528f1bd15ce0ed3c37639d0553f5807f866d0826fea732ecd1b70,45daccff65517e604925d68417eda99c6d6519108af27b958058bd40039afe29
square:hb3p_stop_continue_formal:800218,True,True,010270545b65802b852eb09fa8194923ac009fc919d02d97b6041a1f48bcf9a9,62b3dbb7ef3c1b5f47fd0bc632317ec07260c2d6cdf32c7100ffac8343584191
square:hb3p_stop_continue_formal:800219,True,True,063eecb34d9253b064ff659123074707889ef0f8653589111ac50c575160f155,95c89302158c3fa14ab32e59bafa0b4935843a6fc57e5ed752b7ffaa30913757
square:hb3p_stop_continue_formal:800220,True,True,efaa2cfeab7a999374425b0870551ea38883b1cca2f9fa2c33cffd8f9039228e,25d5a5ac94a08f75141b453ed24f222d91f79a6bd9eb3c310f99afe692312ff8
square:hb3p_stop_continue_formal:800221,True,True,c3a53e43b8c5b93ce85993b8e77620f90e68c593db39f9439374c9720361530c,5661f0333991697c1be61ca47c3c06316a7878f6bcec12476b0e379b29d1d046
square:hb3p_stop_continue_formal:800222,True,True,f88e37a5d684c607cb6f0b867d83cbb8b213ea6cac27446c690d0161d283ebda,cecd6dba1c7bc5040c854607e571ed7d981ffcbc4b3d1aa0007d04455bc9e47e
square:hb3p_stop_continue_formal:800223,True,True,1c984f0aa56f8de870865e8dd5e247190e88895e4cab11bb25e947ef08227f99,76533d3a16425caf7447faa6b00fbf9d4f84de29f2f791a942590a40fc71a70c
square:hb3p_stop_continue_formal:800224,True,True,1aa00d48ab919b2ebda4c7ecd860182c34dea0717e41996dd595c6044a3711a8,181d2ffae100e455443732a461e76bf20fb50d904437db6542753707629be5bc
square:hb3p_stop_continue_formal:800225,True,True,8b903ebae2abc6ea274865ffac8498d9148c32e0e5c6a525de924f97d842a292,4bd0f8a60e4582cea24f1a10aed9c517cff7a376472c62893940e30c3b24ca02
square:hb3p_stop_continue_formal:800226,True,True,7cc0eeb04c20cd785db49b629ee4879cfa24211a7a7d6590d00ef73d81ecefcc,a3a1f21f5b3d398518e715daf3194d4231d667106ad23a674d1bb8cf95b34b62
square:hb3p_stop_continue_formal:800227,True,True,834f27aa2b5867dc2d388d4b6a870116b6df5cd5f1e384b3f55d94230fd066d7,ffa5abf59422e0fc2c06f5fa1f8ff1890e3cd8b56f9cff484391c6d3e41e0f44
square:hb3p_stop_continue_formal:800228,True,True,bd759c58f51c1117c72b91937ed941cf4e12a33197b31ce7a690cdb7bf39d9a9,109f185854b3e0ef462034a8528fc915efcdbf49d0c356968121cb3df1bd5531
square:hb3p_stop_continue_formal:800229,True,True,de232725f57ce7dd82e4fc5bd333dbcbf379aa45f4214bdd92357f5014c2fe4c,719af2a4c6ea56309e6f3cf562f45bc71c951e12a308d0456977530cb354c593
square:hb3p_stop_continue_formal:800230,True,True,3820a4a2965780741fe92dd823eb2181a9317eb7ce7a0aae52ae3b86e66a579d,7966f9a929b38bc5bfeb18e2902dcfc328505f3d97be4574bc205a178bd822f4
square:hb3p_stop_continue_formal:800231,True,True,bd9c0f03cfdb78aae7b6e10d873e1fe39d0961e48835e9a346da9c216d7e6763,e758425acec21deb0a269dfb7cda1e20bfa1495dc4006f672467f608b0d012ea
square:hb3p_stop_continue_formal:800232,True,True,ef107b2004847491e64205b1402fdf743d6db86bf13906cba738d7cd8fd2e710,7e723798941c77a53bb03a18f486f62c847c021021492593260e1db29fed70b4
square:hb3p_stop_continue_formal:800233,True,True,cc8d083b47fc1bfe1809964222c7a9a54ef2b1a81d6295e20aa3d9e39d75a6d3,cea6bf4764dd6af10752da096e4b0e56144fea72c00dff176113ea99b6014275
square:hb3p_stop_continue_formal:800234,True,True,444f2b12fe200887d0dbc0858a6e74d0fd4d5191f013d3ffe51f031243ebcaba,8326e18a35bc44560160431d6aec3c808f07f2b1818e0b607112bca7b0d581d5
square:hb3p_stop_continue_formal:800235,True,True,3323a7c633cc362cdb53734e8730674786bff559a97af301e5e28aaba71fc767,1051dfdae846cbcafc95c5bf2fb5c1c0883401b77c2dcad65bd4b0bd051ba0e9
square:hb3p_stop_continue_formal:800236,True,True,1aa696a0a29e49cb49b6faf0a179cc00b79c37edf341d8bb04fbd0fd92993273,b52b1081b800b800369fc8d4f6dad1f4fbdd25fb4cd5bf308534d4d488ff7098
square:hb3p_stop_continue_formal:800237,True,True,158826ed66d3be4df1b463e92f50810dd03d1d5299f8fc182ba32b55572c4e9f,866a3445efe19603c79b54921775d079c7a2f8a65c5ce021edeba7eb51f611e6
square:hb3p_stop_continue_formal:800238,True,True,53f477ef32db46dec4cf9e3472a34a9a90a28b050f8a619a3630094021beec7e,e60a2339b2c99e086cd9938d3f5c591e93b0c7a3790bb86cfddd66b6bde4ce9e
square:hb3p_stop_continue_formal:800239,True,True,9b03a505b47053efd6a6e5984d876694eef43f57505db15aa9c50e5c6bfdc3ae,03bfb2b49f03cab7f2e7529e323a796b25eb02a78b3b1190e390063e93048778
square:hb3p_stop_continue_formal:800240,True,True,797c4183edf9e9f907d3551164a118165e25ec329c4fa81ebea161b2bc4dca3a,36924b8d3147433c5bb192cb0cc9f8dd41d52c86de7fa7fcf8ad3a2a4805f9b0
square:hb3p_stop_continue_formal:800241,True,True,7f300d23562a97545b2a2690699d5f2f7d5e9b866dc95bfacd12495d50aafd35,9d600359711435f26cefb9ebe52a1f87f3052fbe74c564d8ff76ac54a0845b8f
square:hb3p_stop_continue_formal:800242,True,True,581c13ff93af771b4a6ef5ab1eda44d213714a20477824ed55d3d7feccf3575d,a2234bb0138f225b62b64d098e12db1a34de94b06868e771e3e6faf7920a324e
square:hb3p_stop_continue_formal:800243,True,True,2d52804c8ba02bb16a487ff95deeafccd7bac6e521960f90839fdae0750e7de7,3deee9e856d9d5ef1ed0a7dd336dba096d081368ad864a38ed28283b87e5ff56
square:hb3p_stop_continue_formal:800244,True,True,55a1e5f43ac645dee2c9810d960b09feb64589a3f5fed3bd98188fafb06dc77f,421862a72bde98bf26d1ee9d7233cfdea20f0228d9e56cbc7ec7d6ad928b3a14
square:hb3p_stop_continue_formal:800245,True,True,d2e9f1bede37ad7c7ac250793c64954c9d5fc2ae2a6a371aba8c905013c7da40,f9a76375ceb3dae036fc0fadc730d2ea489aaf48441ea6483550a55b809c5d4e
square:hb3p_stop_continue_formal:800246,True,True,59c4a2ae363a2af746d4505a3396c90f8d70f493c24fd6b2c344f62f7e58198d,65cd9fa4cce0e6467046b2a3e51194d198d6c87c73cddf65527fbee9a144d8f8
square:hb3p_stop_continue_formal:800247,True,True,7450276f1ae9591f45b135094d3ae7394d7d56fb19e6282d0e56f2b1caea02ff,a29c7565d5fbcd6da8e42843febe974dec3dc6c9618400fb33bbfd4d75856d03
square:hb3p_stop_continue_formal:800248,True,True,a70c4ee9497c938735b21111f0e4c85ca7d62728153d08d5cc4561ab1db51c29,4e751ccc014d766569f963ffb8380a7c74952c2692e06fecb04f05c37756135c
square:hb3p_stop_continue_formal:800249,True,True,1777cecd61f385861ae586388abb8051bcc65e514640a9c51c16e7aeb3d53001,9b31244a9a64397773170f7fdd40c268175f1803d43da58b1959dc9a048fe354
square:hb3p_stop_continue_formal:800250,True,True,50187238623e0accdd1b26d30f751c514d8e5d62c901a76e73128865c744f1be,45a6ec951c272c5a61dba0c3318f7f6c92e2c673e4c621b44b0bd2c6678cc07d
square:hb3p_stop_continue_formal:800251,True,True,a23169240e587f6f29923dd687af54b7f55a57980662fb3ea373af8d48f50ca2,e682a6f8bc4a99c1e1d698f67b1dce14d97c02aed38ea12450933fe1963c86c6
square:hb3p_stop_continue_formal:800252,True,True,b880bfb502d652aac5d0025fdc3a67b0bd14d0449c9c510eed3f59f5cf1c3f25,796cb489eb8a5932eaf9cdef632ed498ad9ccb608aa3f342c690fbc92ace4dc9
square:hb3p_stop_continue_formal:800253,True,True,1681cc27b28cd933f6d6a000b7581675be3fd4b8bcd77111353370994a043b39,b84471166634bae7ce8a72f038cc9c747876e46c6266bee01dbae8c94ddf0b06
square:hb3p_stop_continue_formal:800254,True,True,789ffcfc1a2e6dbfc29f32accadd7d6405eb0817a02fe30de14518aab3d9d79c,ef95a388343625281119675284fabfdd6541b4d4b778368848d35127dc04a5c9
square:hb3p_stop_continue_formal:800255,True,True,b460be0cdf8453a8ba2112de5be761a8f7e71b40d8901e2c91d20ab960e58ecb,d471417a62ebad21f588d1e62f442c34b9d03e8ea613a0449c619656471b6748
square:hb3p_stop_continue_formal:800256,True,True,f65392792a4fbbedaad404039e451b576cc5af692f10e434131acdc448888dfe,d8f3a05077ab939b7b9450b2a6bec3f708d7cafb2c85b29925dcbec9bb60966a
square:hb3p_stop_continue_formal:800257,True,True,4dc87adc7aa9ecf81d010b7b953898a3f84444648ef45c8ec8f40635d3adcd75,8ca09726a3a50868c55d680c93cee92abd7e02c830e555809f54ec1fa37f563a
square:hb3p_stop_continue_formal:800258,True,True,6af3be9b5a9cbbe059242a80824d5cd290fa068de279a5f951e5cf0ac4dbefd1,d07e952aff3cf8b3e97858c5cd2eb0508e1592c067183a80a44061c1492e2f60
square:hb3p_stop_continue_formal:800259,True,True,21a7ebeca507e62f0b3e3502def6c85f0769b9792bf5d496f09f2234b012db4a,a733851f669350f439bfe9afb5d0bd70ba897e9c1c960a004dba402ad7cd09e3
square:hb3p_stop_continue_formal:800260,True,True,3c79c215afb4275041fef8800a332116a11aa00ce3806a29289d9db36c61f242,889eb468359fbe689144e2e134b80f267e73bb631feae4728819353dfb2b94bc
square:hb3p_stop_continue_formal:800261,True,True,4905f54e7ac5f2c00271e6b44113eed1a7f7084f60b49e994eca423dab6f020f,06724c9c31fe7eff4564ec5f55441e0935a46f7cfa32d4f4c95502d8af64302a
square:hb3p_stop_continue_formal:800262,True,True,16d4617fdd985a2a715abaf22498ea209b878b42044ea6316480ba006d1a2673,b976891520c00b3b9143ce66688968bfc0e9bb0f7049ebdee52353f0a151a2d3
square:hb3p_stop_continue_formal:800263,True,True,be1eea4ac00c123469f5d189e3e97d3259512b49d376eee9e8a934945ea1dd25,cf6e2c44606b9d0b7081a338ad7df03c6c3663cbcc0e10f6efbbb8745f81ce01
square:hb3p_stop_continue_formal:800264,True,True,d977cc9c41a1d513fbbd0669a9fdd156528ac3abdd6922c711243fbe7c922a8d,72ee0167ef13096819144280688b1333419b047f069a30cb23072a1ab9745de5
square:hb3p_stop_continue_formal:800265,True,True,0d549ceea43093de36c60badf73ea954ce6a11e12426af65a553778530245d6e,5da8e11882ea8f2564ec929ef5269385a3d64b3e43ddce1c366ac92b8e9f669b
square:hb3p_stop_continue_formal:800266,True,True,e6d843e41bc7601189d930a4f0c0ea1b050adab64db584b8ee3ca90116c42252,251fe785b96faa57595dc6563e0551a71d34f800e4ae1dceaf6a22a5e07d44a6
square:hb3p_stop_continue_formal:800267,True,True,814c193ea61c90d2ef624b2ddbfe92e47b79ccbac48caf43dd38535c554bce8b,e93a27c631d606c9bf0ecd038422d37244abd8f2f8f4c2df2cca7ec2fa94ad7f
square:hb3p_stop_continue_formal:800268,True,True,d56c6dbf7354f6a191fcdafd8e05b13e59a80b76ff45a62af6b24aac76686428,d9d62e76c92293fcba09fb1c6e2d5b6acd42f5395db7551ff6fb3249de41406a
square:hb3p_stop_continue_formal:800269,True,True,d8718f4d68bc97008104302374aaa495a989da40f65fb49c22166b6455c6e468,5b793dfe219d4d8f301ff9759addad18bf30be998d0a5febbf72d70ccce707a5
square:hb3p_stop_continue_formal:800270,True,True,f4386905d5c37db966eb32b437dbdfb1d37ce46ef4613c3f5aa38e64acfab244,92fa2ce758a9a32744bee481c55ed44cb77181025111c0d02dc2069be2206e74
square:hb3p_stop_continue_formal:800271,True,True,bb9b0cb2378e3c4c10994d71407a882cc27778d1194359b918b5e77b52a309a1,f88672ba9414df5b26788c27e7a4f8853d6377cb45fcbf23fc2cb0b90b1a0df4
square:hb3p_stop_continue_formal:800272,True,True,87dbfd6cdcfbc0744ca6ca87c9f566407fdbb505f3e86a3a6418f08e74c4e0f6,59034b5214d120736e4edf0180ce4a1eec6920a3bf5158c41fa280514ea3f406
square:hb3p_stop_continue_formal:800273,True,True,2108f91d11943c431474889e3b72aca7480134c6bd691585616b8daadc5d0988,ac15d12c3c31fb18424378f8068484c1388dafa159be51ab8a7183b667b406b0
square:hb3p_stop_continue_formal:800274,True,True,8068c9c28c9f57defe8a8ce4038950750e26caf75e6492344212284be849e348,818a7699f89b1de0ddf31a51ebada0696c6cc796de6ca6a3b1f933b14ef88019
square:hb3p_stop_continue_formal:800275,True,True,23f2a0297b43c34e01f756d878e6ff7d8ee50c17f5b5227a8e3061744f225000,5d744fd50289355542113c8bf5f02c212d12dc93f635b629e17cc9d7c6cfc9cc
square:hb3p_stop_continue_formal:800276,True,True,71f4465abdf72af4b5c5e632666aea565343438f70a72e1f10f269289796ccb8,eee67e589be947d072b9d9140735a5f814a02fad5223ca192d0401daaa5bae2b
square:hb3p_stop_continue_formal:800277,True,True,55f20dc60b4a4ff9a0c1c37f286a85c5d0c1185ed8f0546fdbbb31613d53f512,7012fa08b18962738a8cafc254a08c478d783577aca4086c9a3051b37edfb434
square:hb3p_stop_continue_formal:800278,True,True,5eac9687e1f32bbee4e975d2308003928f29887b02e9631b36672afb59da89db,5a52352be01f294e20e024b264a6adc90517cd689c4225a0f561254628feb41d
square:hb3p_stop_continue_formal:800279,True,True,1d79a0ca0f92151027202b467341d1b013c315cf9046d5815edad708a63c7afe,a1e7d3e2c7dfcffb1f183693e338c60ec27ec0310b8ad190f1dda94d46686e0d
square:hb3p_stop_continue_formal:800280,True,True,08e3b02f6154844838908db16c51dab0b3d480013eef8e3d2fd6ca36585c3a31,e511e6f55a9a55dc2a9be01e1af449c72c1eca17b665b15cbfee94636cbedd8a
square:hb3p_stop_continue_formal:800281,True,True,71a9c12a8ec2126e2554af378640838d4dbf75624dd0a8fb7c8edbfd87260677,c742f36ff9048cd497a53d8be15581944716a8cbce382809e6d490f65d1ca973
square:hb3p_stop_continue_formal:800282,True,True,76fca6398fd27fbb23d61953cba0b39a4d01016198d741310e8c864818eb8a64,f2deaf4776ca6ec60920525641a1ff016eb0eef87d38987b71fb62d1a4d7bfa5
square:hb3p_stop_continue_formal:800283,True,True,b31e7721fbcc82eddeb87aa73f4f0d9a714a78e97bf6bd18a4096e1a6bb89e8e,1d1daa0b14a4d40965d1f9a540ea5ff85a20771ff8d3bf9ea1dcb9512ada120c
square:hb3p_stop_continue_formal:800284,True,True,8b2f090f4c269a05fe1f2d61a9561bddb285ef3f20a42681017f880e5953b998,ab4abaa49f766a10a02a813e30bca18540fb883077df87253913681cb5aa99af
square:hb3p_stop_continue_formal:800285,True,True,5e00924b785f93767aeb3e4ea9b4fe7c05c01b27f998119585b8466044f88312,f976ea904b394e12718f66dda04527740d89ceb914f44573384b0e975199e850
square:hb3p_stop_continue_formal:800286,True,True,093be657d44c5ef055617043feab6cbd3b9b2e5291a18c1d49a286a4a2f3e7c0,cfdc02071425f262f0d1cacde53158835b430bc7dd80799f578c5539bc78b58c
square:hb3p_stop_continue_formal:800287,True,True,fe33d41aca5be18be02993484781f5daf49628cd5543dc7d0319f3e8bbcbc5fd,dac87478853a53645e8a45138f0193d41d742b95e2e1375aef6691cced86f2b8
square:hb3p_stop_continue_formal:800288,True,True,ec9c358920ab5a76bf414a954a6237e1a30a94e8a933afb8250ceea93bbd80c2,dba903d7a117203eab9ed1bc4897c2bcdbed808ed539c5f42850bf89abecde69
square:hb3p_stop_continue_formal:800289,True,True,f331eb212d9b4f24a17d3ffbc79348c0a1cbcf492d3d939f55d88dce9f8a8de4,9b1c22bb50d8663817b879c110dd6d6356c0b1bd32cf5e97edb71ce3d5ae9d3b
square:hb3p_stop_continue_formal:800290,True,True,5469c505d49502f0a60c3063c8ce06d6a7f3a08598f10a93110db0fa359d3ea5,db25d52687b559b67df310b94f6242ec861ee6ea8e892f64b3c65ecd2820bef9
square:hb3p_stop_continue_formal:800291,True,True,089a1e6b2b6812610fd0b15ae11f81ec0621c092ba4f1f55c6050dcc49112a25,db52b511c04e524046b4275e2342790cd345886eedcc854ba2081c7d719dfab4
square:hb3p_stop_continue_formal:800292,True,True,b04f83d37877021fb3190ab0e08c45154d0e1fcd72e261d5dc28c930dc150df2,11ec611278c047304977a34001a87bc03dfa75f5eb9fee2fe78f7ef55ad28ac0
square:hb3p_stop_continue_formal:800293,True,True,139a4fcb22768a3610fb9dd0e4eb03786dd72f2adaf512ddabddaf43dbb05103,bfd2441236e2e863d4efb64902e80c90df8a1b8b062fb98b4fcd042046c4810a
square:hb3p_stop_continue_formal:800294,True,True,1b6e2da4240f9f64921a43ad1f329d0330851c0feb67b8c65245f3aa30c5adf5,9b64b0d488064ac1befa262ef6b9d261a25def66f54094661576bbfab9058366
square:hb3p_stop_continue_formal:800295,True,True,45363aceec5044f4d670ce71e54e6594be71ef64b82b8029ac2cbacd33bfd8e2,29c6087a142ac3a325e124571f98cdcf434d021d87471c22b3c7d4424c67ff30
square:hb3p_stop_continue_formal:800296,True,True,9dd052f13615f23dcaa00e567d946e1616b8dbf9f36643f8112f832fe5d437b7,9c15bee434e6d55d15459b33f7d2c50fdb96a67b11ceefa53d93664370668396
square:hb3p_stop_continue_formal:800297,True,True,8eb869f2e072b288ab9b069f89ea04ef89352258f81164b96b810b8273dbe60c,086efebe191870f7a0f3b08c19b237ebd02d377d629a6873088fbf991bde1f97
square:hb3p_stop_continue_formal:800298,True,True,dec8547a89e6d29025be34a4530d07bb9a910fe2ce55b4b3b875e1bd5b67cefd,2c417ad65d99334384f152060d9f345cdb90a9461242fe51d6a80dea586f0d3b
square:hb3p_stop_continue_formal:800299,True,True,de1356f1317b775cc15f1f77207362d95adba0caa0794517536b0223fe2b53ac,76c716f01e141b67de614c2f3155d59271ba796c40dc1c3a0ee34ea451614962
square:hb3p_stop_continue_formal:800300,True,True,c8e1cbdab9b8688ece3dfca0579a470f84f8863ef413301f000538d23f16da1f,32e08036da4518d8baa0afccd22a9a25507cf4fd0861315ce402e5363d94e5a1
square:hb3p_stop_continue_formal:800301,True,True,3550c0922956eea90f0d113ad71d6e888ab8cde812371eb9992ac2738190cf8b,b66c32369b02ad4bd85a937c59ea936e56c7fd20bc859a246d333c5848c17ddb
square:hb3p_stop_continue_formal:800302,True,True,4c17fcc1a0b9c5efb4687ef9844b9849bed83a387eb2e3934a24d5813a690496,5e78076beecc334048b4f31d4d2e7696e6c535cdaa928aadefc6ee3e0522e6c4
square:hb3p_stop_continue_formal:800303,True,True,c74aad1e72cdcbdcfbb0002a4a6f65474b7815420646342c0cd81bcab8d45bce,ae2d2a57c4e7a7f905213974e828ea0481135da558e58ca4b1c65acbf99c4f0e
square:hb3p_stop_continue_formal:800304,True,True,aa2735ec60f0ac8559675bf1d0f958970cc93397f0e7b7391b3d7587eed1b7e0,7aed16a6eaea1d0b020f9ed81113c0104b441b2d13b5ce9dd56312331e516c2f
square:hb3p_stop_continue_formal:800305,True,True,3c3acf2fba1510ca1f850c76d5764e48a89af917a4da14ab2db3136d6a498bd3,20c726e9df173677a9d9f63f841431cf0d7c989b53268d114ad183b6eeb6c393
square:hb3p_stop_continue_formal:800306,True,True,28867f5b4adc89efb998edc286112a1b43f0614e7e9dfedee664648d703261dc,82c1868931e7c9e4ca11b6454aba58cd0c46b273dedf9b9ecffab37bff85cf13
square:hb3p_stop_continue_formal:800307,True,True,cb7769dbda62d1eec137120ae85c58b7e6f9be9c6a26943b017b383a8e044707,6df6a3d62d79a5d5aebda820232391c3b6e52e09617bb69515a540521cc64e12
square:hb3p_stop_continue_formal:800308,True,True,eba4226352a155b1bde12d10bbf4dd338521eccfe17dfe4c98b78d462479f902,e231b7d515fa7c47624cfd864b6151a0ed2a6edefe6504ab4cf9dfb560eb3c5a
square:hb3p_stop_continue_formal:800309,True,True,963221b7c17c711d376d9d2b458b33470b51b9c2eb1e8886fc03ac3019972b80,553460d529ea15ba0c517f4f5053180d987442d0c57cff821a6db01860a39a0b
square:hb3p_stop_continue_formal:800310,True,True,ebd1f71044b08266bd6e4e5eca94474252d25cc6f9c76b0c5f12597f7e466687,4221d9f61af1ca373195428a26cfe966eea16a062d232f9a9e1b688c766bce01
square:hb3p_stop_continue_formal:800311,True,True,1505ba966f034929e6d564ffca069883e0b410fc1d3809ffefae7d54158a0d67,466997f23cdbb9bc6bbcd2441c106bb634fb99e45fda0c4be7d5949960a431d6
square:hb3p_stop_continue_formal:800312,True,True,7ec523667f476b0e95aede2124a73112131a0a5b48134e86b6f5cd6c920d4218,fc2595ff90f0c135238b69ba7c2a6e402f713f4ec9b2b80f8a3889041e6d37a9
square:hb3p_stop_continue_formal:800313,True,True,cafb92d646fc1f98baff736ed9533374e1aac673547cee98b58baf8603ccdca4,3919c6b811cbac507339ef75ab6a68d74493301bab39578cafa6ea991ebdff22
square:hb3p_stop_continue_formal:800314,True,True,b753ba47e2d92c6a104c5ccc966e76e70f29e0368f9024454a142c4bc65aed06,636086245876e19c88e6885c31e96e2e29f4a5494c1dc3914e3b4da2a6ee9761
square:hb3p_stop_continue_formal:800315,True,True,f335c5a41e202578081709da88fab29ac13e2e1a8ca3ddce01cd24192a63bcce,d8519de5a8b0b0b181395e74178dcf78a8ff0caefe7288d4bbcd98ad567bb4e3
square:hb3p_stop_continue_formal:800316,True,True,b26ceb003792f5219e6bb6fa205bdb22d6546a32fb10d1c343477dcadd8da1e0,166fab0cda8e62e1c5a2fd611c57314d2e681c826c402f051ea339c761d8d83f
square:hb3p_stop_continue_formal:800317,True,True,9eb95ff182693136de5dd93856339c4f243eaebf9b8c112237df85f00b3abd42,52cc2776c3d6114f4e00183e0fbff32c71205f38ff14a0729e0a9455e94586bf
square:hb3p_stop_continue_formal:800318,True,True,63b3053e82242d6e40e7eb27d53153c37d4a286c8fef7099f980b54ad7a25032,59a20393786971250f3e31662728887b2825b0d86b600dbb1f201b26e94333de
square:hb3p_stop_continue_formal:800319,True,True,bb4b7cb8dcfe88f51b0d283ff94f74575464d5f67d892581f0d69b6d7ed20787,659eb8d93e128892a9b7970a6e9a1d78877ed341124f829906fbe8ee65bef3d6
square:hb3p_stop_continue_formal:800320,True,True,895f0c2d2a1a702edfab34d865c6a9104c6aa2970978a33331dd35a7caed6bb6,cd9071ef86a4701c815b9e70fa964422812831fc796c4b1308e7551de7a4d2f8
square:hb3p_stop_continue_formal:800321,True,True,b41511b145bc164f0b8721f3c314c1eca4f361485de686f9abdc7896b0bcab07,4d62bf2845adc9279e6d0adb71255322374a6fdb426b26815b8af4d91b1393fc
square:hb3p_stop_continue_formal:800322,True,True,3c432837c1da3714dce05dd2502cd2689eba0dbfb9f906e0da23af8a78a96bf6,f4d9b82248139e656cea4f96654183af9657e910be56e0d87b1a12669b6d257c
square:hb3p_stop_continue_formal:800323,True,True,3b0f634804010c6ce6c048d0e16dc4cced47ffc105c5c4b1ce3e33fc00f46dcf,7b05e30cf1b41f6c50407f570a81aa1eaef830a8654a7997d8d834b9c41aa072
square:hb3p_stop_continue_formal:800324,True,True,14145a42efcbc5ad8258a3a67294c989527342855202892395618bb073931185,8070e1858cd12d6da7988cfee3e31177624d8c15f6934ac018c7439a97cd0c24
square:hb3p_stop_continue_formal:800325,True,True,94c5c7df7852e7caad9b4cbc067468bee1acf1845d1b1ffa42aad198ec161468,d857b53d82d83fe21b005bd174d82f6e23c8466c2bbe8a2a09a5be43e4c62c48
square:hb3p_stop_continue_formal:800326,True,True,408a51ce2a0f4b7e77d62b040aca1b807b5b91cb7162be1e27d8510a9a2469fe,63b2ac9f5420658e5be03a04cd3eb2cbc3f6c35fcd7442317d25171a72ca44c8
square:hb3p_stop_continue_formal:800327,True,True,7952d6b3f11069001a0a508997d76e96d8414a58c1c757d9505b9be0a709f62a,f820b995f354d5ab6bc8317c9deb1c6efadf21125918e692eb3d6928ce2fb6ab
square:hb3p_stop_continue_formal:800328,True,True,370175de11c19a69a34dd423967ebf46ae26f76a6f144183a74656a13cc882a6,7bf2a9a7761f9e16fbdf1dd5fb4dfd05de1d5fe681a3697363d2daa9320a72b8
square:hb3p_stop_continue_formal:800329,True,True,2761ac28a5331d36a920fab878a026d1e4f497bb105f70ed5052b97bbbd8e079,bbcf99346e52b097f6eca12684cb8ac4cf58f40a0e4e30c0972cbbd2ce431096
square:hb3p_stop_continue_formal:800330,True,True,870efa60d281c5d36efa07c7c0253106c0b1aea0ceccff694da84ac6e8a38424,acc047cc036b508df1c558053206e29a7771fadd50bf21c07f9e6ba3096a5a6c
square:hb3p_stop_continue_formal:800331,True,True,83a299be582dbd779e535a9144d3ad31edb0e72858705da263d186c1dc3312c3,91aaa1e6816294452057c8afe5b871d2f59e5f45208b041b938566db770ba3d6
square:hb3p_stop_continue_formal:800332,True,True,7d83cca7d19f7b8b7e1b2c4187d789f07ebbee382d31b7d228c9e7219b04d216,560d9ab0360fdfb0a82899b0dd50fb6afadf6b787ff8640ebce9df804b864b37
square:hb3p_stop_continue_formal:800333,True,True,da4fa00e858d95f3915140879c95acb6fd69206fb04c79c54555261f5f44e796,d060679a0416d34a65a345066f15fb6cd539d6cc6651443a7088309c315e3f4f
square:hb3p_stop_continue_formal:800334,True,True,47e8ecb82732741cacb4b9a48772b9115caf611b1c91def7d467ba0e5bf94159,f42007b2f0e3352e261bbd7d0bc21596308dae2d33c949903ab5db433e1144c4
square:hb3p_stop_continue_formal:800335,True,True,04cd9b1f670b4c81d77caa9642611d15be7ae792cca39a4534dbe5e4a06fcc5f,a45d2a035d4d16896c6eef245a24e37ac8a04b49dc8149a308f5bf4739372bec
square:hb3p_stop_continue_formal:800336,True,True,b8993148ab4bf4981adeb6c1657c4fe45904bb0e5539850d7a8cbb6c0353e068,f92b7e33b64723810fcd2a3aec4969f657302c3446b4dea4683b4043c915445f
square:hb3p_stop_continue_formal:800337,True,True,d8962c954aa44d6a44c3f2076bd8a413fa9dda73926cbd9bbd9a792e26c95887,a2197a581d8d3815a9439b254645b29ac1ea93d126572b83582302f405b7cb8d
square:hb3p_stop_continue_formal:800338,True,True,c01ff2a98faf1581ed7e8f0cfc870fe9b024f67ae71f569138319ed5dbdd023f,e24ffdce850565add7b61d69e318c0c31143d4d205949204d74e313b10dd3f5c
square:hb3p_stop_continue_formal:800339,True,True,ad1e65452f94f6063786c0b79166365170aaaeae4e7b8199afdc98f2b41e5d86,5f7df89bba9f5e5bbbba09a8c72d0f2869be7f20f69cfe33a91da5d5a2ae7b70
square:hb3p_stop_continue_formal:800340,True,True,5fdd8bb7606e2120b1d77e1b001cd88d0336406d255fd8ccce9b65f6ac008be8,86507ba991539ccead6d169c72c5df36f3a07036dc1b9dee0dbcaa82d2311878
square:hb3p_stop_continue_formal:800341,True,True,2dca0c7220e29cedbb191e66f4661d3459e41c1501e04d15780393ddd6379e63,584eddfd694c1b7faf3df71dc86c92f7fb0b9a43c5e8636ff9c41fabbe1c71f5
square:hb3p_stop_continue_formal:800342,True,True,aa6ca715cb74ad80e0a68d5119e4eda5acec05bf97dafa28ca1306a4da1f7872,e26668939c2404aa449f30feafa719f52f5f68030d893d8b38d5b2b5e4324e96
square:hb3p_stop_continue_formal:800343,True,True,5cbcc78fe90019e520276c6c4ad5a954f23fe5691268c134744d97cff327d061,5323d050035e9bff0172bee838b01e8fa7ac5bafa9bb53ae81a60dc042e34ed6
square:hb3p_stop_continue_formal:800344,True,True,f653411432be4e7393faa9318773fcfbbbf9f96485cd5479f665360492871d76,ddcb34abfadf9154469a51970022d934517acf5e597989f6c40a9f1731f4fea3
square:hb3p_stop_continue_formal:800345,True,True,e2e64f5552332d649990e4b15dfa9dbeded92c9da52e7d7109781d34bdaabbb3,aebaed05433ca9005511d63b2fdf5457ed90dd23c7641264c5d4cc3ea60eb242
square:hb3p_stop_continue_formal:800346,True,True,6a936a86a2c2e6eb849fd9c7c1ed495c313ab28f09dfb38b6defae3863fb23cd,cdd801bba19c6d2cf679689447155ff480c3da7321de36566677e9a391861bbf
square:hb3p_stop_continue_formal:800347,True,True,75690b4ab786c73ef874b6a24d2b240ae98852f445fd8c4ee89c79c391e2c4d0,04275ac5ab3b337d092bda7bfd499472b224cdb1aff38bc1929a27a7e027229e
square:hb3p_stop_continue_formal:800348,True,True,252fd476012404bce50b25ebc4b8d143caf7b25a61f6b7eb374b7be88fd446d9,85601a96e8920ea7f7cb185464652f1289e1b3dabb3418cb3d215e321aceb750
square:hb3p_stop_continue_formal:800349,True,True,d8d7225e95d79f3f3008fb579941a1ec702836b5a4df387213891e794f29d03d,995dda3786d136a96beca3f3c73a4e1e88992a7be4f8d7e52cff57dc792aaa62
square:hb3p_stop_continue_formal:800350,True,True,6218d85c4443f68c75310ddeba26e6fe5f7035acd8c2df9995e550c0b59ccf98,0b3a1e73972260e6dd61be512d0ea587a8f8cfb2ec5fb5ef7dad7b941dffacc0
square:hb3p_stop_continue_formal:800351,True,True,08d5b6a7069240bfcce1cdebd93d0dc516da5718ebab31a943b6f314397b37fc,e723253973ca33ca9c74211bde6c893c363a16eafe8b28c7a206cda35a4dd84e
square:hb3p_stop_continue_formal:800352,True,True,5215ea3480819a5f5267ff2264d7f29ef9214c575bfb2aee38c50977dc45964f,c32a32a26591754cc5072614f911518c5cec866862b0a5fb339d517a29712deb
square:hb3p_stop_continue_formal:800353,True,True,1c9824ed5ddfc723ac425e98c1a0e7448fc2326e3ff533bdd48bd8ea0ba7edb7,0e2d5c468206e6e5e6e9cc6bd0118fe49bdead3570b917caf1ddb31bf8d8da88
square:hb3p_stop_continue_formal:800354,True,True,50815b6b63e66024131d1534b9de8679f9155f42de38345dc02187bc3ec1078b,0b1b18050aaafb333e2862d73074e02b93a3b4ac59fee9c0fdf141a8fafbb974
square:hb3p_stop_continue_formal:800355,True,True,969d250df5e17617c5230e87bcf7d285eaee08af7340e43992dd5ae595a28ca2,4a9f5ed6a3b1df0ab494880a21a3044dd618022f9bde1b71f9d6c0edc5671731
square:hb3p_stop_continue_formal:800356,True,True,d8a607b5f0edc0f1b48779e0d0af45d0b5eba39ed13d1b2904c348984af922be,e1eda17bec55c3af9547e5d9f6aab416b0ef1c06de7e4bd0553600c6cf23d993
square:hb3p_stop_continue_formal:800357,True,True,cb8d4c1c1b06591d26efdfe64bf1e84c7792cd207d1b40706a601c9a44f25a04,12e5b9df6c2a98ab28a97ffff7b482ce00537ec46229959f8d361180b00c97b6
square:hb3p_stop_continue_formal:800358,True,True,195d9a9cdc91db12df6b9fae40ee7f11a03114b86f770f8d8dd815007de1615c,ab754841e06a768c20172db2ab313969b720eec52d02ff4094d1ce13304a3f90
square:hb3p_stop_continue_formal:800359,True,True,e1ea10837621c0453cccfc09db22b24dc80a9714bb769d56008772de8959f1c1,60f9997683e39522f8db3361a49bc41ed6326c9b9d59d5779781b2227c2bb41d
square:hb3p_stop_continue_formal:800360,True,True,0ec7f165bddcec5a1a92d9c7f8bfe1a026da0b58d26b181a9958d7082845b3af,44cf8aaa501138a37c22690088ed42c7cc57367a977bc22b834a0621c224002b
square:hb3p_stop_continue_formal:800361,True,True,948af56873ae81a946e128bfb74ab832655e4644e55da101065963fa0a8988fb,4baeacdb4e21968ac4b055b40f11423f364153c3a576511c07cac7f4f05a727c
square:hb3p_stop_continue_formal:800362,True,True,c59b991a5a48081ee6061c3528884f83a8fe73869bede0e3a0fd132b2249ccbb,06cfeb8175c599ed38b7d194ae4db7c7a0ff90d26597e9850b77973b2948da88
square:hb3p_stop_continue_formal:800363,True,True,129f4ad6a95258caec9c913a787d6c9f71b267076b5272a74b50126117e4a750,e7bbaac80fe26d2036ff7303f9b1d3a96154e2b1d1740a1e90f529421840368d
square:hb3p_stop_continue_formal:800364,True,True,cd2f7e70f0c21ae211127d355c2d475c7fa76f36e7101b52ece7957706d9a72d,90adb0adf4d2e019e6202bb12ea7885a13d17645bb5f90df823ebc43e7bf6176
square:hb3p_stop_continue_formal:800365,True,True,9fe01297cc2a81ef15bca5548781d06f6eba2c1a4f9633b28139c706467b63b5,4ba74e67e3b2156b069f7d4312a896f8faaf3cb999efadb32914289b9aaf935f
square:hb3p_stop_continue_formal:800366,True,True,925f9591c46b8e1dec3827aa7d5553c7c3b3ec1e7fe59387849c0615ddd6934f,d1ee53339ceeda808b8a9597ab34436d68fde098ff1dfcefaca8b92acc41dffc
square:hb3p_stop_continue_formal:800367,True,True,7f8f20362deeb8c2685bfd6ee5591fb6116713148520e78a9b9a7a9a04d39f53,c11c736674e22b0346996f1d347af720db359856dcaf44e5dad4c8f899fcc949
square:hb3p_stop_continue_formal:800368,True,True,fd4cd8bc3d6160435e8f736ee0b31593e4c618b342690307003cf51445108919,5dba31cb15de1d825c08d4c5780f3aed88034e5e8d04ea7fdf43f6a94dd77693
square:hb3p_stop_continue_formal:800369,True,True,506d5c73eeaa8012bfdccfd17dd1a339a4bfef862795dfcae746bc086cbbbcd4,b61b447329f602a492e64d757f4a36e400a196d68197ee4c5782a0aa844168d8
square:hb3p_stop_continue_formal:800370,True,True,1d8803693e06b7e0bc54e404de674619515a278bb6999656971a11d762c4158f,4153b7ce8bda3fa4ca3e18ab6b299c604f8bc81bb50c57ed3d5c3fd4573da1da
square:hb3p_stop_continue_formal:800371,True,True,21093c4dec6eb3376404ae432e1dce41a6f9ce7fe7bef240eb50c45ce0dbb0ab,0c06576be49e3b1995f4606094ed02e90aea6474041ee1c5e01860fe34062ed0
square:hb3p_stop_continue_formal:800372,True,True,9f67625ef5dade694448a535c5bba92feaa2945056797df32c5e346111dc192d,60358232f966c57f2b0d5ac9e31eaefc192b59429733aa191e6f2f6e333f1d33
square:hb3p_stop_continue_formal:800373,True,True,c65878e3aee92022c830211f5ce7cfca5221abeac10effb761ad6298cf54e1ac,53373fffca7f789fbdddbc09400990577dc585ee9950c04d3fee224ae1f180bd
square:hb3p_stop_continue_formal:800374,True,True,49802f34da843a8597b2f90337659132b75eeb1891e7bd133d5abdc984c07fd5,9957b53e7397ceb8d8f5a847da4ff7c69c08dcbe03b4a4be3a2acb0c33b8c3cc
square:hb3p_stop_continue_formal:800375,True,True,39d753e94b0fc55a434031d00802e88cb18e7bb771389f287a244313542534d1,f1d1e2a0955c1d1f511899356f11ca7f35c3b9dcf1569cffa4bbc6411e60387d
square:hb3p_stop_continue_formal:800376,True,True,941cc7f5acdb664d4eebddb172817afe50ffb5ff9c7bb34a5d9e530c47999c4b,f5e8ee7e9c3fa185db9da3e04ef7ee96a957105e1e365ba01dbb38038944f7d8
square:hb3p_stop_continue_formal:800377,True,True,c4d3c9c5ee2d66353bf7400a367ad95a2eae4bfb901da18f700fcd109ab96c9c,8e9fa0bc925f8016fe21093d6a4d20cac54c83c3e46978c6e5e450e9e95a0714
square:hb3p_stop_continue_formal:800378,True,True,7130c48cf3458131e1a06a0000fb13cacb470d26cb2596533b0c0e54dacbd3ab,66429cd0a697ff28283142b93711c7df80861a893ce6c4b52c2fe1a134ee1199
square:hb3p_stop_continue_formal:800379,True,True,b9e761ef4dfda5760a4473f6480dee1ae576e8fc8f4686f258cadc1a1e7117ce,5bc11e10c8bc01b7711e3002446438a3f49fb2e3bb8611731d096e37a61c658f
square:hb3p_stop_continue_formal:800380,True,True,3e6d77961dab0cfce39649f8adc2989cd6197f03a5406140a666a85510949fc6,8bb85eef7fdb9aecee873f70e69659d79f3ee5dedc506b1e322f9eaca63a74aa
square:hb3p_stop_continue_formal:800381,True,True,0a3e250a072f0dcce61b049a96db0a137af82770b4473b08e5a727afb80d6188,b75202b0fd2e42cbe08fc22b7eaa6219ed486f89f64614d7d470c932e6224891
square:hb3p_stop_continue_formal:800382,True,True,a50d0a3c6adabd654b3b7bbe196444474a7974cb479ebf7fb0d7e1921b6c189e,72afea2e38872a88723c6c9be36bfe0ec8c548fc17dec380ff86e7e0f0a54200
square:hb3p_stop_continue_formal:800383,True,True,eb761495d6a14cef2d8e24481db77c72b2f2c7a1702a397d7783e389d23a493d,df3ca95e0710c446c7fd3cae855b929f3dac24ed9d353e45d0e8b7139997cae4
square:hb3p_stop_continue_formal:800384,True,True,763af0b6f096d54948701d30ae82662c835f248bb3665d4e2e3a92b7f9268099,a7d8dfcdd77b376b0128e5d3978f11d769d702936c97cdfb42c6b029bb5b5caf
square:hb3p_stop_continue_formal:800385,True,True,39eaa3d052609dc1f4090bf5a96b84e290e50771f4bfdd4114f993c647d5b6a5,1f7c279515a8f1da91f8cbfd1607de5f72394a10e4f44f631b15d40fa7044c5e
square:hb3p_stop_continue_formal:800386,True,True,08e2fca82a5e42b54171a7db9a2f99da43183197073ddc4aa9c83b0f6a33f66a,966d691addd71a563b372742994c988fae087e96eb41ea5e4ab173b0333964e5
square:hb3p_stop_continue_formal:800387,True,True,146a58434f67667615486b73f69c020b2e2131ccbb9d15fbcfcd76c7e1d8542f,64f4950111bd34a7ff0995f1da7aadf8bd63fec6c1aac914730f2163f32a19f9
square:hb3p_stop_continue_formal:800388,True,True,c9d08ac2ae86e60de139916924d91d03bfc557b46ad1f0db3a07993296bc2ba1,6a690617ce7e9eda60cfc1d2c095e200d2e7a36e26628a8b53fb534fc8dffa35
square:hb3p_stop_continue_formal:800389,True,True,f68bac1376c456e52af7d0422152281baf4e5657d342c26f2831b5c7749e34f1,1a95acd63a8b5f3798ac2e7e7487ecf528b897d5725a9f4315eb2758ba5f31c5
square:hb3p_stop_continue_formal:800390,True,True,625f695c607379dda53287bc27f2eeed75b46ab53d208a6f3846b67d8028fe0f,7660b1d7b76da258a3408b2147395f08d9c64f0fb03cfc0dd5a2ab51cd7af0d2
square:hb3p_stop_continue_formal:800391,True,True,36ac14e64129062645cc0adbf76a3cce9acc8030db38af689168ffdc448dd298,2cd8f9b03e884550fff442496c73b8dfc9145226d5d836c772db019135352e55
square:hb3p_stop_continue_formal:800392,True,True,e8e22e514de994c7480d87a1c6758ad4377fcd844a5a777991f4b2facaaf0b96,846d41553e3c9f06a41f56883d09b9391be6f90f61a88b0b84a2f5abf15efc70
square:hb3p_stop_continue_formal:800393,True,True,2c826163ecefd46450093b672bb4c2bbbfce6d9256da8505703404a0ec2d9c9f,5ea70f28005c153404ecebd3d30371145b546acd94070f856bd2b34dffaed6c9
square:hb3p_stop_continue_formal:800394,True,True,697d6e27952ba2cf5fa7b1fbf0f0ca7de8ef444533bf840593850ca6354dcd5e,cdadc27ac7ad193a3af8e6917d800ba78a4e8a147ee911503c2c5e35eceead0b
square:hb3p_stop_continue_formal:800395,True,True,128d7f58dd4b7a796edd3418e74fe8c28dec870325079966d91cec2605387dce,3c5071ecf43493adfd36d5077d5d9d78228b58ce18798817eae5ac72a43d42b8
square:hb3p_stop_continue_formal:800396,True,True,5f33a090332c3e7c6bc18028f56676da1c27dced8a590d036e45ea35d79269ca,5ba9162502c4eb72093fb53bbb0bd0617886c50b81c4819c3ae47b4ee9e5f4ac
square:hb3p_stop_continue_formal:800397,True,True,d4d63264741a8bff1bf3e40d1d7610ea0de83ba1211c1e11605254cc4bb54c8e,adcca11f31547f42b8fbfe5436722289fc89526886c2d2e58ce8c4e07cc93278
square:hb3p_stop_continue_formal:800398,True,True,9f8a92f1483504df246306fc080b7db2a94a543513767497c2e218bd87b750be,dee715e8191bf58b06bf9fb17a03798c14105b48fffc9892aebd9e396ef90966
square:hb3p_stop_continue_formal:800399,True,True,3e8ace4147b3b27f8e2b6d9f279f2f2be8963e419b217b4a4dcbb583471bfa2b,626d4fdcfea9c16160aff8bbb90225286f3615eba7275579dd7f5225c5ccf7b0
