branch_path,cache_path,cached_frames,failure,image_origin,length,max_post_state_abs,max_pre_state_abs,max_reward_abs,reconstruction_verified,schema_version,seed,state_atol,success_mismatch_count
/home/__compress_data/xushijie/work/cr_scizor/experiments/handback/hb3p_stop_continue_formal_v1/episodes/shard5/FIXED_L60/square__hb3p_stop_continue_formal__800012.npz,/home/__compress_data/xushijie/work/cr_scizor_hb4_runs/hb4_square_absorb_v1/observations/800012/FIXED_L60.npz,80,,RECONSTRUCTED_FOR_HB4,60,0.0,0.0,2.963128364896761e-08,True,hb4_reconstruction_audit_row_v1,800012,1e-10,0
/home/__compress_data/xushijie/work/cr_scizor/experiments/handback/hb3p_stop_continue_formal_v1/episodes/shard5/FIXED_L80/square__hb3p_stop_continue_formal__800012.npz,/home/__compress_data/xushijie/work/cr_scizor_hb4_runs/hb4_square_absorb_v1/observations/800012/FIXED_L80.npz,80,,RECONSTRUCTED_FOR_HB4,80,0.0,0.0,2.7857783191365115e-08,True,hb4_reconstruction_audit_row_v1,800012,1e-10,0
/home/__compress_data/xushijie/work/cr_scizor/experiments/handback/hb3p_stop_continue_formal_v1/episodes/shard4/FIXED_L60/square__hb3p_stop_continue_formal__800018.npz,/home/__compress_data/xushijie/work/cr_scizor_hb4_runs/hb4_square_absorb_v1/observations/800018/FIXED_L60.npz,80,,RECONSTRUCTED_FOR_HB4,60,0.0,0.0,2.8234645621516563e-08,True,hb4_reconstruction_audit_row_v1,800018,1e-10,0
/home/__compress_data/xushijie/work/cr_scizor/experiments/handback/hb3p_stop_continue_formal_v1/episodes/shard4/FIXED_L80/square__hb3p_stop_continue_formal__800018.npz,/home/__compress_data/xushijie/work/cr_scizor_hb4_runs/hb4_square_absorb_v1/observations/800018/FIXED_L80.npz,80,,RECONSTRUCTED_FOR_HB4,80,0.0,0.0,2.979359692290018e-08,True,hb4_reconstruction_audit_row_v1,800018,1e-10,0
/home/__compress_data/xushijie/work/cr_scizor/experiments/handback/hb3p_stop_continue_formal_v1/episodes/shard1/FIXED_L60/square__hb3p_stop_continue_formal__800022.npz,/home/__compress_data/xushijie/work/cr_scizor_hb4_runs/hb4_square_absorb_v1/observations/800022/FIXED_L60.npz,80,,RECONSTRUCTED_FOR_HB4,60,0.0,0.0,2.968470469433271e-08,True,hb4_reconstruction_audit_row_v1,800022,1e-10,0
/home/__compress_data/xushijie/work/cr_scizor/experiments/handback/hb3p_stop_continue_formal_v1/episodes/shard1/FIXED_L80/square__hb3p_stop_continue_formal__800022.npz,/home/__compress_data/xushijie/work/cr_scizor_hb4_runs/hb4_square_absorb_v1/observations/800022/FIXED_L80.npz,80,,RECONSTRUCTED_FOR_HB4,80,0.0,0.0,2.9484569119553328e-08,True,hb4_reconstruction_audit_row_v1,800022,1e-10,0
/home/__compress_data/xushijie/work/cr_scizor/experiments/handback/hb3p_stop_continue_formal_v1/episodes/shard3/FIXED_L60/square__hb3p_stop_continue_formal__800024.npz,/home/__compress_data/xushijie/work/cr_scizor_hb4_runs/hb4_square_absorb_v1/observations/800024/FIXED_L60.npz,80,,RECONSTRUCTED_FOR_HB4,60,0.0,0.0,2.963259693178344e-08,True,hb4_reconstruction_audit_row_v1,800024,1e-10,0
/home/__compress_data/xushijie/work/cr_scizor/experiments/handback/hb3p_stop_continue_formal_v1/episodes/shard3/FIXED_L80/square__hb3p_stop_continue_formal__800024.npz,/home/__compress_data/xushijie/work/cr_scizor_hb4_runs/hb4_square_absorb_v1/observations/800024/FIXED_L80.npz,80,,RECONSTRUCTED_FOR_HB4,80,0.0,0.0,2.8934895923704573e-08,True,hb4_reconstruction_audit_row_v1,800024,1e-10,0
/home/__compress_data/xushijie/work/cr_scizor/experiments/handback/hb3p_stop_continue_formal_v1/episodes/shard4/FIXED_L60/square__hb3p_stop_continue_formal__800025.npz,/home/__compress_data/xushijie/work/cr_scizor_hb4_runs/hb4_square_absorb_v1/observations/800025/FIXED_L60.npz,80,,RECONSTRUCTED_FOR_HB4,60,0.0,0.0,2.9775903187534425e-08,True,hb4_reconstruction_audit_row_v1,800025,1e-10,0
/home/__compress_data/xushijie/work/cr_scizor/experiments/handback/hb3p_stop_continue_formal_v1/episodes/shard4/FIXED_L80/square__hb3p_stop_continue_formal__800025.npz,/home/__compress_data/xushijie/work/cr_scizor_hb4_runs/hb4_square_absorb_v1/observations/800025/FIXED_L80.npz,80,,RECONSTRUCTED_FOR_HB4,80,0.0,0.0,2.959239153721427e-08,True,hb4_reconstruction_audit_row_v1,800025,1e-10,0
/home/__compress_data/xushijie/work/cr_scizor/experiments/handback/hb3p_stop_continue_formal_v1/episodes/shard3/FIXED_L60/square__hb3p_stop_continue_formal__800038.npz,/home/__compress_data/xushijie/work/cr_scizor_hb4_runs/hb4_square_absorb_v1/observations/800038/FIXED_L60.npz,80,,RECONSTRUCTED_FOR_HB4,60,0.0,0.0,2.961783251986816e-08,True,hb4_reconstruction_audit_row_v1,800038,1e-10,0
/home/__compress_data/xushijie/work/cr_scizor/experiments/handback/hb3p_stop_continue_formal_v1/episodes/shard3/FIXED_L80/square__hb3p_stop_continue_formal__800038.npz,/home/__compress_data/xushijie/work/cr_scizor_hb4_runs/hb4_square_absorb_v1/observations/800038/FIXED_L80.npz,80,,RECONSTRUCTED_FOR_HB4,80,0.0,0.0,2.797975662272023e-08,True,hb4_reconstruction_audit_row_v1,800038,1e-10,0
/home/__compress_data/xushijie/work/cr_scizor/experiments/handback/hb3p_stop_continue_formal_v1/episodes/shard4/FIXED_L60/square__hb3p_stop_continue_formal__800053.npz,/home/__compress_data/xushijie/work/cr_scizor_hb4_runs/hb4_square_absorb_v1/observations/800053/FIXED_L60.npz,80,,RECONSTRUCTED_FOR_HB4,60,0.0,0.0,2.930888953756039e-08,True,hb4_reconstruction_audit_row_v1,800053,1e-10,0
/home/__compress_data/xushijie/work/cr_scizor/experiments/handback/hb3p_stop_continue_formal_v1/episodes/shard4/FIXED_L80/square__hb3p_stop_continue_formal__800053.npz,/home/__compress_data/xushijie/work/cr_scizor_hb4_runs/hb4_square_absorb_v1/observations/800053/FIXED_L80.npz,80,,RECONSTRUCTED_FOR_HB4,80,0.0,0.0,2.9346766461380014e-08,True,hb4_reconstruction_audit_row_v1,800053,1e-10,0
/home/__compress_data/xushijie/work/cr_scizor/experiments/handback/hb3p_stop_continue_formal_v1/episodes/shard5/FIXED_L60/square__hb3p_stop_continue_formal__800054.npz,/home/__compress_data/xushijie/work/cr_scizor_hb4_runs/hb4_square_absorb_v1/observations/800054/FIXED_L60.npz,80,,RECONSTRUCTED_FOR_HB4,60,0.0,0.0,2.924349162825024e-08,True,hb4_reconstruction_audit_row_v1,800054,1e-10,0
/home/__compress_data/xushijie/work/cr_scizor/experiments/handback/hb3p_stop_continue_formal_v1/episodes/shard5/FIXED_L80/square__hb3p_stop_continue_formal__800054.npz,/home/__compress_data/xushijie/work/cr_scizor_hb4_runs/hb4_square_absorb_v1/observations/800054/FIXED_L80.npz,80,,RECONSTRUCTED_FOR_HB4,80,0.0,0.0,2.6514388573595227e-08,True,hb4_reconstruction_audit_row_v1,800054,1e-10,0
/home/__compress_data/xushijie/work/cr_scizor/experiments/handback/hb3p_stop_continue_formal_v1/episodes/shard6/FIXED_L60/square__hb3p_stop_continue_formal__800055.npz,/home/__compress_data/xushijie/work/cr_scizor_hb4_runs/hb4_square_absorb_v1/observations/800055/FIXED_L60.npz,80,,RECONSTRUCTED_FOR_HB4,60,0.0,0.0,2.913941754556504e-08,True,hb4_reconstruction_audit_row_v1,800055,1e-10,0
/home/__compress_data/xushijie/work/cr_scizor/experiments/handback/hb3p_stop_continue_formal_v1/episodes/shard6/FIXED_L80/square__hb3p_stop_continue_formal__800055.npz,/home/__compress_data/xushijie/work/cr_scizor_hb4_runs/hb4_square_absorb_v1/observations/800055/FIXED_L80.npz,80,,RECONSTRUCTED_FOR_HB4,80,0.0,0.0,2.9434348514101316e-08,True,hb4_reconstruction_audit_row_v1,800055,1e-10,0
/home/__compress_data/xushijie/work/cr_scizor/experiments/handback/hb3p_stop_continue_formal_v1/episodes/shard0/FIXED_L60/square__hb3p_stop_continue_formal__800056.npz,/home/__compress_data/xushijie/work/cr_scizor_hb4_runs/hb4_square_absorb_v1/observations/800056/FIXED_L60.npz,80,,RECONSTRUCTED_FOR_HB4,60,0.0,0.0,2.9314227267818183e-08,True,hb4_reconstruction_audit_row_v1,800056,1e-10,0
/home/__compress_data/xushijie/work/cr_scizor/experiments/handback/hb3p_stop_continue_formal_v1/episodes/shard0/FIXED_L80/square__hb3p_stop_continue_formal__800056.npz,/home/__compress_data/xushijie/work/cr_scizor_hb4_runs/hb4_square_absorb_v1/observations/800056/FIXED_L80.npz,80,,RECONSTRUCTED_FOR_HB4,80,0.0,0.0,2.918426000864116e-08,True,hb4_reconstruction_audit_row_v1,800056,1e-10,0
/home/__compress_data/xushijie/work/cr_scizor/experiments/handback/hb3p_stop_continue_formal_v1/episodes/shard5/FIXED_L60/square__hb3p_stop_continue_formal__800061.npz,/home/__compress_data/xushijie/work/cr_scizor_hb4_runs/hb4_square_absorb_v1/observations/800061/FIXED_L60.npz,80,,RECONSTRUCTED_FOR_HB4,60,0.0,0.0,2.9654732891515323e-08,True,hb4_reconstruction_audit_row_v1,800061,1e-10,0
/home/__compress_data/xushijie/work/cr_scizor/experiments/handback/hb3p_stop_continue_formal_v1/episodes/shard5/FIXED_L80/square__hb3p_stop_continue_formal__800061.npz,/home/__compress_data/xushijie/work/cr_scizor_hb4_runs/hb4_square_absorb_v1/observations/800061/FIXED_L80.npz,80,,RECONSTRUCTED_FOR_HB4,80,0.0,0.0,2.901801154919781e-08,True,hb4_reconstruction_audit_row_v1,800061,1e-10,0
/home/__compress_data/xushijie/work/cr_scizor/experiments/handback/hb3p_stop_continue_formal_v1/episodes/shard6/FIXED_L60/square__hb3p_stop_continue_formal__800069.npz,/home/__compress_data/xushijie/work/cr_scizor_hb4_runs/hb4_square_absorb_v1/observations/800069/FIXED_L60.npz,80,,RECONSTRUCTED_FOR_HB4,60,0.0,0.0,2.9547544411201443e-08,True,hb4_reconstruction_audit_row_v1,800069,1e-10,0
/home/__compress_data/xushijie/work/cr_scizor/experiments/handback/hb3p_stop_continue_formal_v1/episodes/shard6/FIXED_L80/square__hb3p_stop_continue_formal__800069.npz,/home/__compress_data/xushijie/work/cr_scizor_hb4_runs/hb4_square_absorb_v1/observations/800069/FIXED_L80.npz,80,,RECONSTRUCTED_FOR_HB4,80,0.0,0.0,1.4810515758245657e-08,True,hb4_reconstruction_audit_row_v1,800069,1e-10,0
/home/__compress_data/xushijie/work/cr_scizor/experiments/handback/hb3p_stop_continue_formal_v1/episodes/shard0/FIXED_L60/square__hb3p_stop_continue_formal__800070.npz,/home/__compress_data/xushijie/work/cr_scizor_hb4_runs/hb4_square_absorb_v1/observations/800070/FIXED_L60.npz,80,,RECONSTRUCTED_FOR_HB4,60,0.0,0.0,2.89286122834298e-08,True,hb4_reconstruction_audit_row_v1,800070,1e-10,0
/home/__compress_data/xushijie/work/cr_scizor/experiments/handback/hb3p_stop_continue_formal_v1/episodes/shard0/FIXED_L80/square__hb3p_stop_continue_formal__800070.npz,/home/__compress_data/xushijie/work/cr_scizor_hb4_runs/hb4_square_absorb_v1/observations/800070/FIXED_L80.npz,80,,RECONSTRUCTED_FOR_HB4,80,0.0,0.0,2.7404187474822095e-08,True,hb4_reconstruction_audit_row_v1,800070,1e-10,0
/home/__compress_data/xushijie/work/cr_scizor/experiments/handback/hb3p_stop_continue_formal_v1/episodes/shard4/FIXED_L60/square__hb3p_stop_continue_formal__800074.npz,/home/__compress_data/xushijie/work/cr_scizor_hb4_runs/hb4_square_absorb_v1/observations/800074/FIXED_L60.npz,80,,RECONSTRUCTED_FOR_HB4,60,0.0,0.0,2.927269859842596e-08,True,hb4_reconstruction_audit_row_v1,800074,1e-10,0
/home/__compress_data/xushijie/work/cr_scizor/experiments/handback/hb3p_stop_continue_formal_v1/episodes/shard4/FIXED_L80/square__hb3p_stop_continue_formal__800074.npz,/home/__compress_data/xushijie/work/cr_scizor_hb4_runs/hb4_square_absorb_v1/observations/800074/FIXED_L80.npz,80,,RECONSTRUCTED_FOR_HB4,80,0.0,0.0,2.932907405828189e-08,True,hb4_reconstruction_audit_row_v1,800074,1e-10,0
/home/__compress_data/xushijie/work/cr_scizor/experiments/handback/hb3p_stop_continue_formal_v1/episodes/shard5/FIXED_L60/square__hb3p_stop_continue_formal__800075.npz,/home/__compress_data/xushijie/work/cr_scizor_hb4_runs/hb4_square_absorb_v1/observations/800075/FIXED_L60.npz,80,,RECONSTRUCTED_FOR_HB4,60,0.0,0.0,2.9456144190476152e-08,True,hb4_reconstruction_audit_row_v1,800075,1e-10,0
/home/__compress_data/xushijie/work/cr_scizor/experiments/handback/hb3p_stop_continue_formal_v1/episodes/shard5/FIXED_L80/square__hb3p_stop_continue_formal__800075.npz,/home/__compress_data/xushijie/work/cr_scizor_hb4_runs/hb4_square_absorb_v1/observations/800075/FIXED_L80.npz,80,,RECONSTRUCTED_FOR_HB4,80,0.0,0.0,2.9234559328905618e-08,True,hb4_reconstruction_audit_row_v1,800075,1e-10,0
/home/__compress_data/xushijie/work/cr_scizor/experiments/handback/hb3p_stop_continue_formal_v1/episodes/shard0/FIXED_L60/square__hb3p_stop_continue_formal__800077.npz,/home/__compress_data/xushijie/work/cr_scizor_hb4_runs/hb4_square_absorb_v1/observations/800077/FIXED_L60.npz,80,,RECONSTRUCTED_FOR_HB4,60,0.0,0.0,2.9717519556271554e-08,True,hb4_reconstruction_audit_row_v1,800077,1e-10,0
/home/__compress_data/xushijie/work/cr_scizor/experiments/handback/hb3p_stop_continue_formal_v1/episodes/shard0/FIXED_L80/square__hb3p_stop_continue_formal__800077.npz,/home/__compress_data/xushijie/work/cr_scizor_hb4_runs/hb4_square_absorb_v1/observations/800077/FIXED_L80.npz,80,,RECONSTRUCTED_FOR_HB4,80,0.0,0.0,2.9756383135293163e-08,True,hb4_reconstruction_audit_row_v1,800077,1e-10,0
/home/__compress_data/xushijie/work/cr_scizor/experiments/handback/hb3p_stop_continue_formal_v1/episodes/shard0/FIXED_L60/square__hb3p_stop_continue_formal__800084.npz,/home/__compress_data/xushijie/work/cr_scizor_hb4_runs/hb4_square_absorb_v1/observations/800084/FIXED_L60.npz,80,,RECONSTRUCTED_FOR_HB4,60,0.0,0.0,2.96468058991195e-08,True,hb4_reconstruction_audit_row_v1,800084,1e-10,0
/home/__compress_data/xushijie/work/cr_scizor/experiments/handback/hb3p_stop_continue_formal_v1/episodes/shard0/FIXED_L80/square__hb3p_stop_continue_formal__800084.npz,/home/__compress_data/xushijie/work/cr_scizor_hb4_runs/hb4_square_absorb_v1/observations/800084/FIXED_L80.npz,80,,RECONSTRUCTED_FOR_HB4,80,0.0,0.0,2.896230011373291e-08,True,hb4_reconstruction_audit_row_v1,800084,1e-10,0
/home/__compress_data/xushijie/work/cr_scizor/experiments/handback/hb3p_stop_continue_formal_v1/episodes/shard0/FIXED_L60/square__hb3p_stop_continue_formal__800105.npz,/home/__compress_data/xushijie/work/cr_scizor_hb4_runs/hb4_square_absorb_v1/observations/800105/FIXED_L60.npz,80,,RECONSTRUCTED_FOR_HB4,60,0.0,0.0,2.420090328136837e-08,True,hb4_reconstruction_audit_row_v1,800105,1e-10,0
/home/__compress_data/xushijie/work/cr_scizor/experiments/handback/hb3p_stop_continue_formal_v1/episodes/shard0/FIXED_L80/square__hb3p_stop_continue_formal__800105.npz,/home/__compress_data/xushijie/work/cr_scizor_hb4_runs/hb4_square_absorb_v1/observations/800105/FIXED_L80.npz,80,,RECONSTRUCTED_FOR_HB4,80,0.0,0.0,2.9183531702337007e-08,True,hb4_reconstruction_audit_row_v1,800105,1e-10,0
/home/__compress_data/xushijie/work/cr_scizor/experiments/handback/hb3p_stop_continue_formal_v1/episodes/shard4/FIXED_L60/square__hb3p_stop_continue_formal__800109.npz,/home/__compress_data/xushijie/work/cr_scizor_hb4_runs/hb4_square_absorb_v1/observations/800109/FIXED_L60.npz,80,,RECONSTRUCTED_FOR_HB4,60,0.0,0.0,2.9389264355472733e-08,True,hb4_reconstruction_audit_row_v1,800109,1e-10,0
/home/__compress_data/xushijie/work/cr_scizor/experiments/handback/hb3p_stop_continue_formal_v1/episodes/shard4/FIXED_L80/square__hb3p_stop_continue_formal__800109.npz,/home/__compress_data/xushijie/work/cr_scizor_hb4_runs/hb4_square_absorb_v1/observations/800109/FIXED_L80.npz,80,,RECONSTRUCTED_FOR_HB4,80,0.0,0.0,2.950409139224064e-08,True,hb4_reconstruction_audit_row_v1,800109,1e-10,0
/home/__compress_data/xushijie/work/cr_scizor/experiments/handback/hb3p_stop_continue_formal_v1/episodes/shard4/FIXED_L60/square__hb3p_stop_continue_formal__800123.npz,/home/__compress_data/xushijie/work/cr_scizor_hb4_runs/hb4_square_absorb_v1/observations/800123/FIXED_L60.npz,80,,RECONSTRUCTED_FOR_HB4,60,0.0,0.0,2.979668889402376e-08,True,hb4_reconstruction_audit_row_v1,800123,1e-10,0
/home/__compress_data/xushijie/work/cr_scizor/experiments/handback/hb3p_stop_continue_formal_v1/episodes/shard4/FIXED_L80/square__hb3p_stop_continue_formal__800123.npz,/home/__compress_data/xushijie/work/cr_scizor_hb4_runs/hb4_square_absorb_v1/observations/800123/FIXED_L80.npz,80,,RECONSTRUCTED_FOR_HB4,80,0.0,0.0,2.9727210137941995e-08,True,hb4_reconstruction_audit_row_v1,800123,1e-10,0
/home/__compress_data/xushijie/work/cr_scizor/experiments/handback/hb3p_stop_continue_formal_v1/episodes/shard6/FIXED_L60/square__hb3p_stop_continue_formal__800125.npz,/home/__compress_data/xushijie/work/cr_scizor_hb4_runs/hb4_square_absorb_v1/observations/800125/FIXED_L60.npz,80,,RECONSTRUCTED_FOR_HB4,60,0.0,0.0,2.9243103161213924e-08,True,hb4_reconstruction_audit_row_v1,800125,1e-10,0
/home/__compress_data/xushijie/work/cr_scizor/experiments/handback/hb3p_stop_continue_formal_v1/episodes/shard6/FIXED_L80/square__hb3p_stop_continue_formal__800125.npz,/home/__compress_data/xushijie/work/cr_scizor_hb4_runs/hb4_square_absorb_v1/observations/800125/FIXED_L80.npz,80,,RECONSTRUCTED_FOR_HB4,80,0.0,0.0,2.9482640218070344e-08,True,hb4_reconstruction_audit_row_v1,800125,1e-10,0
/home/__compress_data/xushijie/work/cr_scizor/experiments/handback/hb3p_stop_continue_formal_v1/episodes/shard1/FIXED_L60/square__hb3p_stop_continue_formal__800148.npz,/home/__compress_data/xushijie/work/cr_scizor_hb4_runs/hb4_square_absorb_v1/observations/800148/FIXED_L60.npz,80,,RECONSTRUCTED_FOR_HB4,60,0.0,0.0,2.915014196691601e-08,True,hb4_reconstruction_audit_row_v1,800148,1e-10,0
/home/__compress_data/xushijie/work/cr_scizor/experiments/handback/hb3p_stop_continue_formal_v1/episodes/shard1/FIXED_L80/square__hb3p_stop_continue_formal__800148.npz,/home/__compress_data/xushijie/work/cr_scizor_hb4_runs/hb4_square_absorb_v1/observations/800148/FIXED_L80.npz,80,,RECONSTRUCTED_FOR_HB4,80,0.0,0.0,2.971957702158079e-08,True,hb4_reconstruction_audit_row_v1,800148,1e-10,0
/home/__compress_data/xushijie/work/cr_scizor/experiments/handback/hb3p_stop_continue_formal_v1/episodes/shard3/FIXED_L60/square__hb3p_stop_continue_formal__800171.npz,/home/__compress_data/xushijie/work/cr_scizor_hb4_runs/hb4_square_absorb_v1/observations/800171/FIXED_L60.npz,80,,RECONSTRUCTED_FOR_HB4,60,0.0,0.0,2.803582421773143e-08,True,hb4_reconstruction_audit_row_v1,800171,1e-10,0
/home/__compress_data/xushijie/work/cr_scizor/experiments/handback/hb3p_stop_continue_formal_v1/episodes/shard3/FIXED_L80/square__hb3p_stop_continue_formal__800171.npz,/home/__compress_data/xushijie/work/cr_scizor_hb4_runs/hb4_square_absorb_v1/observations/800171/FIXED_L80.npz,80,,RECONSTRUCTED_FOR_HB4,80,0.0,0.0,2.9718666860745202e-08,True,hb4_reconstruction_audit_row_v1,800171,1e-10,0
/home/__compress_data/xushijie/work/cr_scizor/experiments/handback/hb3p_stop_continue_formal_v1/episodes/shard3/FIXED_L60/square__hb3p_stop_continue_formal__800178.npz,/home/__compress_data/xushijie/work/cr_scizor_hb4_runs/hb4_square_absorb_v1/observations/800178/FIXED_L60.npz,80,,RECONSTRUCTED_FOR_HB4,60,0.0,0.0,2.958869871338976e-08,True,hb4_reconstruction_audit_row_v1,800178,1e-10,0
/home/__compress_data/xushijie/work/cr_scizor/experiments/handback/hb3p_stop_continue_formal_v1/episodes/shard3/FIXED_L80/square__hb3p_stop_continue_formal__800178.npz,/home/__compress_data/xushijie/work/cr_scizor_hb4_runs/hb4_square_absorb_v1/observations/800178/FIXED_L80.npz,80,,RECONSTRUCTED_FOR_HB4,80,0.0,0.0,2.9649453558988625e-08,True,hb4_reconstruction_audit_row_v1,800178,1e-10,0
/home/__compress_data/xushijie/work/cr_scizor/experiments/handback/hb3p_stop_continue_formal_v1/episodes/shard6/FIXED_L60/square__hb3p_stop_continue_formal__800188.npz,/home/__compress_data/xushijie/work/cr_scizor_hb4_runs/hb4_square_absorb_v1/observations/800188/FIXED_L60.npz,80,,RECONSTRUCTED_FOR_HB4,60,0.0,0.0,2.95326599841772e-08,True,hb4_reconstruction_audit_row_v1,800188,1e-10,0
/home/__compress_data/xushijie/work/cr_scizor/experiments/handback/hb3p_stop_continue_formal_v1/episodes/shard6/FIXED_L80/square__hb3p_stop_continue_formal__800188.npz,/home/__compress_data/xushijie/work/cr_scizor_hb4_runs/hb4_square_absorb_v1/observations/800188/FIXED_L80.npz,80,,RECONSTRUCTED_FOR_HB4,80,0.0,0.0,2.875587079564923e-08,True,hb4_reconstruction_audit_row_v1,800188,1e-10,0
/home/__compress_data/xushijie/work/cr_scizor/experiments/handback/hb3p_stop_continue_formal_v1/episodes/shard0/FIXED_L60/square__hb3p_stop_continue_formal__800189.npz,/home/__compress_data/xushijie/work/cr_scizor_hb4_runs/hb4_square_absorb_v1/observations/800189/FIXED_L60.npz,80,,RECONSTRUCTED_FOR_HB4,60,0.0,0.0,2.9651964883470328e-08,True,hb4_reconstruction_audit_row_v1,800189,1e-10,0
/home/__compress_data/xushijie/work/cr_scizor/experiments/handback/hb3p_stop_continue_formal_v1/episodes/shard0/FIXED_L80/square__hb3p_stop_continue_formal__800189.npz,/home/__compress_data/xushijie/work/cr_scizor_hb4_runs/hb4_square_absorb_v1/observations/800189/FIXED_L80.npz,80,,RECONSTRUCTED_FOR_HB4,80,0.0,0.0,2.8862686574093743e-08,True,hb4_reconstruction_audit_row_v1,800189,1e-10,0
/home/__compress_data/xushijie/work/cr_scizor/experiments/handback/hb3p_stop_continue_formal_v1/episodes/shard0/FIXED_L60/square__hb3p_stop_continue_formal__800196.npz,/home/__compress_data/xushijie/work/cr_scizor_hb4_runs/hb4_square_absorb_v1/observations/800196/FIXED_L60.npz,80,,RECONSTRUCTED_FOR_HB4,60,0.0,0.0,2.8915845717847333e-08,True,hb4_reconstruction_audit_row_v1,800196,1e-10,0
/home/__compress_data/xushijie/work/cr_scizor/experiments/handback/hb3p_stop_continue_formal_v1/episodes/shard0/FIXED_L80/square__hb3p_stop_continue_formal__800196.npz,/home/__compress_data/xushijie/work/cr_scizor_hb4_runs/hb4_square_absorb_v1/observations/800196/FIXED_L80.npz,80,,RECONSTRUCTED_FOR_HB4,80,0.0,0.0,2.9607872931158852e-08,True,hb4_reconstruction_audit_row_v1,800196,1e-10,0
/home/__compress_data/xushijie/work/cr_scizor/experiments/handback/hb3p_stop_continue_formal_v1/episodes/shard6/FIXED_L60/square__hb3p_stop_continue_formal__800202.npz,/home/__compress_data/xushijie/work/cr_scizor_hb4_runs/hb4_square_absorb_v1/observations/800202/FIXED_L60.npz,80,,RECONSTRUCTED_FOR_HB4,60,0.0,0.0,2.9174202276216477e-08,True,hb4_reconstruction_audit_row_v1,800202,1e-10,0
/home/__compress_data/xushijie/work/cr_scizor/experiments/handback/hb3p_stop_continue_formal_v1/episodes/shard6/FIXED_L80/square__hb3p_stop_continue_formal__800202.npz,/home/__compress_data/xushijie/work/cr_scizor_hb4_runs/hb4_square_absorb_v1/observations/800202/FIXED_L80.npz,80,,RECONSTRUCTED_FOR_HB4,80,0.0,0.0,2.9747322605189197e-08,True,hb4_reconstruction_audit_row_v1,800202,1e-10,0
/home/__compress_data/xushijie/work/cr_scizor/experiments/handback/hb3p_stop_continue_formal_v1/episodes/shard0/FIXED_L60/square__hb3p_stop_continue_formal__800217.npz,/home/__compress_data/xushijie/work/cr_scizor_hb4_runs/hb4_square_absorb_v1/observations/800217/FIXED_L60.npz,80,,RECONSTRUCTED_FOR_HB4,60,0.0,0.0,2.875514848454941e-08,True,hb4_reconstruction_audit_row_v1,800217,1e-10,0
/home/__compress_data/xushijie/work/cr_scizor/experiments/handback/hb3p_stop_continue_formal_v1/episodes/shard0/FIXED_L80/square__hb3p_stop_continue_formal__800217.npz,/home/__compress_data/xushijie/work/cr_scizor_hb4_runs/hb4_square_absorb_v1/observations/800217/FIXED_L80.npz,80,,RECONSTRUCTED_FOR_HB4,80,0.0,0.0,2.9564832360051696e-08,True,hb4_reconstruction_audit_row_v1,800217,1e-10,0
/home/__compress_data/xushijie/work/cr_scizor/experiments/handback/hb3p_stop_continue_formal_v1/episodes/shard1/FIXED_L60/square__hb3p_stop_continue_formal__800218.npz,/home/__compress_data/xushijie/work/cr_scizor_hb4_runs/hb4_square_absorb_v1/observations/800218/FIXED_L60.npz,80,,RECONSTRUCTED_FOR_HB4,60,0.0,0.0,2.8629548398662052e-08,True,hb4_reconstruction_audit_row_v1,800218,1e-10,0
/home/__compress_data/xushijie/work/cr_scizor/experiments/handback/hb3p_stop_continue_formal_v1/episodes/shard1/FIXED_L80/square__hb3p_stop_continue_formal__800218.npz,/home/__compress_data/xushijie/work/cr_scizor_hb4_runs/hb4_square_absorb_v1/observations/800218/FIXED_L80.npz,80,,RECONSTRUCTED_FOR_HB4,80,0.0,0.0,2.9338090290487173e-08,True,hb4_reconstruction_audit_row_v1,800218,1e-10,0
/home/__compress_data/xushijie/work/cr_scizor/experiments/handback/hb3p_stop_continue_formal_v1/episodes/shard5/FIXED_L60/square__hb3p_stop_continue_formal__800250.npz,/home/__compress_data/xushijie/work/cr_scizor_hb4_runs/hb4_square_absorb_v1/observations/800250/FIXED_L60.npz,80,,RECONSTRUCTED_FOR_HB4,60,0.0,0.0,2.9491427189221042e-08,True,hb4_reconstruction_audit_row_v1,800250,1e-10,0
/home/__compress_data/xushijie/work/cr_scizor/experiments/handback/hb3p_stop_continue_formal_v1/episodes/shard5/FIXED_L80/square__hb3p_stop_continue_formal__800250.npz,/home/__compress_data/xushijie/work/cr_scizor_hb4_runs/hb4_square_absorb_v1/observations/800250/FIXED_L80.npz,80,,RECONSTRUCTED_FOR_HB4,80,0.0,0.0,2.8631488957486795e-08,True,hb4_reconstruction_audit_row_v1,800250,1e-10,0
/home/__compress_data/xushijie/work/cr_scizor/experiments/handback/hb3p_stop_continue_formal_v1/episodes/shard2/FIXED_L60/square__hb3p_stop_continue_formal__800254.npz,/home/__compress_data/xushijie/work/cr_scizor_hb4_runs/hb4_square_absorb_v1/observations/800254/FIXED_L60.npz,80,,RECONSTRUCTED_FOR_HB4,60,0.0,0.0,2.8863490375563572e-08,True,hb4_reconstruction_audit_row_v1,800254,1e-10,0
/home/__compress_data/xushijie/work/cr_scizor/experiments/handback/hb3p_stop_continue_formal_v1/episodes/shard2/FIXED_L80/square__hb3p_stop_continue_formal__800254.npz,/home/__compress_data/xushijie/work/cr_scizor_hb4_runs/hb4_square_absorb_v1/observations/800254/FIXED_L80.npz,80,,RECONSTRUCTED_FOR_HB4,80,0.0,0.0,2.947171728884257e-08,True,hb4_reconstruction_audit_row_v1,800254,1e-10,0
/home/__compress_data/xushijie/work/cr_scizor/experiments/handback/hb3p_stop_continue_formal_v1/episodes/shard4/FIXED_L60/square__hb3p_stop_continue_formal__800263.npz,/home/__compress_data/xushijie/work/cr_scizor_hb4_runs/hb4_square_absorb_v1/observations/800263/FIXED_L60.npz,80,,RECONSTRUCTED_FOR_HB4,60,0.0,0.0,2.809269883385923e-08,True,hb4_reconstruction_audit_row_v1,800263,1e-10,0
/home/__compress_data/xushijie/work/cr_scizor/experiments/handback/hb3p_stop_continue_formal_v1/episodes/shard4/FIXED_L80/square__hb3p_stop_continue_formal__800263.npz,/home/__compress_data/xushijie/work/cr_scizor_hb4_runs/hb4_square_absorb_v1/observations/800263/FIXED_L80.npz,80,,RECONSTRUCTED_FOR_HB4,80,0.0,0.0,2.963202527794806e-08,True,hb4_reconstruction_audit_row_v1,800263,1e-10,0
/home/__compress_data/xushijie/work/cr_scizor/experiments/handback/hb3p_stop_continue_formal_v1/episodes/shard2/FIXED_L60/square__hb3p_stop_continue_formal__800268.npz,/home/__compress_data/xushijie/work/cr_scizor_hb4_runs/hb4_square_absorb_v1/observations/800268/FIXED_L60.npz,80,,RECONSTRUCTED_FOR_HB4,60,0.0,0.0,2.9607441609513785e-08,True,hb4_reconstruction_audit_row_v1,800268,1e-10,0
/home/__compress_data/xushijie/work/cr_scizor/experiments/handback/hb3p_stop_continue_formal_v1/episodes/shard2/FIXED_L80/square__hb3p_stop_continue_formal__800268.npz,/home/__compress_data/xushijie/work/cr_scizor_hb4_runs/hb4_square_absorb_v1/observations/800268/FIXED_L80.npz,80,,RECONSTRUCTED_FOR_HB4,80,0.0,0.0,2.9396350798016613e-08,True,hb4_reconstruction_audit_row_v1,800268,1e-10,0
/home/__compress_data/xushijie/work/cr_scizor/experiments/handback/hb3p_stop_continue_formal_v1/episodes/shard4/FIXED_L60/square__hb3p_stop_continue_formal__800291.npz,/home/__compress_data/xushijie/work/cr_scizor_hb4_runs/hb4_square_absorb_v1/observations/800291/FIXED_L60.npz,80,,RECONSTRUCTED_FOR_HB4,60,0.0,0.0,2.9708284499108117e-08,True,hb4_reconstruction_audit_row_v1,800291,1e-10,0
/home/__compress_data/xushijie/work/cr_scizor/experiments/handback/hb3p_stop_continue_formal_v1/episodes/shard4/FIXED_L80/square__hb3p_stop_continue_formal__800291.npz,/home/__compress_data/xushijie/work/cr_scizor_hb4_runs/hb4_square_absorb_v1/observations/800291/FIXED_L80.npz,80,,RECONSTRUCTED_FOR_HB4,80,0.0,0.0,2.9777222243509982e-08,True,hb4_reconstruction_audit_row_v1,800291,1e-10,0
/home/__compress_data/xushijie/work/cr_scizor/experiments/handback/hb3p_stop_continue_formal_v1/episodes/shard4/FIXED_L60/square__hb3p_stop_continue_formal__800298.npz,/home/__compress_data/xushijie/work/cr_scizor_hb4_runs/hb4_square_absorb_v1/observations/800298/FIXED_L60.npz,80,,RECONSTRUCTED_FOR_HB4,60,0.0,0.0,2.8700117282731696e-08,True,hb4_reconstruction_audit_row_v1,800298,1e-10,0
/home/__compress_data/xushijie/work/cr_scizor/experiments/handback/hb3p_stop_continue_formal_v1/episodes/shard4/FIXED_L80/square__hb3p_stop_continue_formal__800298.npz,/home/__compress_data/xushijie/work/cr_scizor_hb4_runs/hb4_square_absorb_v1/observations/800298/FIXED_L80.npz,80,,RECONSTRUCTED_FOR_HB4,80,0.0,0.0,2.9716200389273695e-08,True,hb4_reconstruction_audit_row_v1,800298,1e-10,0
/home/__compress_data/xushijie/work/cr_scizor/experiments/handback/hb3p_stop_continue_formal_v1/episodes/shard6/FIXED_L60/square__hb3p_stop_continue_formal__800300.npz,/home/__compress_data/xushijie/work/cr_scizor_hb4_runs/hb4_square_absorb_v1/observations/800300/FIXED_L60.npz,80,,RECONSTRUCTED_FOR_HB4,60,0.0,0.0,2.9625516706488497e-08,True,hb4_reconstruction_audit_row_v1,800300,1e-10,0
/home/__compress_data/xushijie/work/cr_scizor/experiments/handback/hb3p_stop_continue_formal_v1/episodes/shard6/FIXED_L80/square__hb3p_stop_continue_formal__800300.npz,/home/__compress_data/xushijie/work/cr_scizor_hb4_runs/hb4_square_absorb_v1/observations/800300/FIXED_L80.npz,80,,RECONSTRUCTED_FOR_HB4,80,0.0,0.0,2.9754031460882402e-08,True,hb4_reconstruction_audit_row_v1,800300,1e-10,0
/home/__compress_data/xushijie/work/cr_scizor/experiments/handback/hb3p_stop_continue_formal_v1/episodes/shard5/FIXED_L60/square__hb3p_stop_continue_formal__800306.npz,/home/__compress_data/xushijie/work/cr_scizor_hb4_runs/hb4_square_absorb_v1/observations/800306/FIXED_L60.npz,80,,RECONSTRUCTED_FOR_HB4,60,0.0,0.0,2.939034848825628e-08,True,hb4_reconstruction_audit_row_v1,800306,1e-10,0
/home/__compress_data/xushijie/work/cr_scizor/experiments/handback/hb3p_stop_continue_formal_v1/episodes/shard5/FIXED_L80/square__hb3p_stop_continue_formal__800306.npz,/home/__compress_data/xushijie/work/cr_scizor_hb4_runs/hb4_square_absorb_v1/observations/800306/FIXED_L80.npz,80,,RECONSTRUCTED_FOR_HB4,80,0.0,0.0,2.8833732179656124e-08,True,hb4_reconstruction_audit_row_v1,800306,1e-10,0
/home/__compress_data/xushijie/work/cr_scizor/experiments/handback/hb3p_stop_continue_formal_v1/episodes/shard6/FIXED_L60/square__hb3p_stop_continue_formal__800307.npz,/home/__compress_data/xushijie/work/cr_scizor_hb4_runs/hb4_square_absorb_v1/observations/800307/FIXED_L60.npz,80,,RECONSTRUCTED_FOR_HB4,60,0.0,0.0,2.953318523069015e-08,True,hb4_reconstruction_audit_row_v1,800307,1e-10,0
/home/__compress_data/xushijie/work/cr_scizor/experiments/handback/hb3p_stop_continue_formal_v1/episodes/shard6/FIXED_L80/square__hb3p_stop_continue_formal__800307.npz,/home/__compress_data/xushijie/work/cr_scizor_hb4_runs/hb4_square_absorb_v1/observations/800307/FIXED_L80.npz,80,,RECONSTRUCTED_FOR_HB4,80,0.0,0.0,2.8111697414345826e-08,True,hb4_reconstruction_audit_row_v1,800307,1e-10,0
/home/__compress_data/xushijie/work/cr_scizor/experiments/handback/hb3p_stop_continue_formal_v1/episodes/shard0/FIXED_L60/square__hb3p_stop_continue_formal__800308.npz,/home/__compress_data/xushijie/work/cr_scizor_hb4_runs/hb4_square_absorb_v1/observations/800308/FIXED_L60.npz,80,,RECONSTRUCTED_FOR_HB4,60,0.0,0.0,2.93053192823578e-08,True,hb4_reconstruction_audit_row_v1,800308,1e-10,0
/home/__compress_data/xushijie/work/cr_scizor/experiments/handback/hb3p_stop_continue_formal_v1/episodes/shard0/FIXED_L80/square__hb3p_stop_continue_formal__800308.npz,/home/__compress_data/xushijie/work/cr_scizor_hb4_runs/hb4_square_absorb_v1/observations/800308/FIXED_L80.npz,80,,RECONSTRUCTED_FOR_HB4,80,0.0,0.0,2.9607210683124663e-08,True,hb4_reconstruction_audit_row_v1,800308,1e-10,0
/home/__compress_data/xushijie/work/cr_scizor/experiments/handback/hb3p_stop_continue_formal_v1/episodes/shard3/FIXED_L60/square__hb3p_stop_continue_formal__800311.npz,/home/__compress_data/xushijie/work/cr_scizor_hb4_runs/hb4_square_absorb_v1/observations/800311/FIXED_L60.npz,80,,RECONSTRUCTED_FOR_HB4,60,0.0,0.0,2.8866999790544412e-08,True,hb4_reconstruction_audit_row_v1,800311,1e-10,0
/home/__compress_data/xushijie/work/cr_scizor/experiments/handback/hb3p_stop_continue_formal_v1/episodes/shard3/FIXED_L80/square__hb3p_stop_continue_formal__800311.npz,/home/__compress_data/xushijie/work/cr_scizor_hb4_runs/hb4_square_absorb_v1/observations/800311/FIXED_L80.npz,80,,RECONSTRUCTED_FOR_HB4,80,0.0,0.0,2.901342788241834e-08,True,hb4_reconstruction_audit_row_v1,800311,1e-10,0
/home/__compress_data/xushijie/work/cr_scizor/experiments/handback/hb3p_stop_continue_formal_v1/episodes/shard5/FIXED_L60/square__hb3p_stop_continue_formal__800320.npz,/home/__compress_data/xushijie/work/cr_scizor_hb4_runs/hb4_square_absorb_v1/observations/800320/FIXED_L60.npz,80,,RECONSTRUCTED_FOR_HB4,60,0.0,0.0,2.9351053365545e-08,True,hb4_reconstruction_audit_row_v1,800320,1e-10,0
/home/__compress_data/xushijie/work/cr_scizor/experiments/handback/hb3p_stop_continue_formal_v1/episodes/shard5/FIXED_L80/square__hb3p_stop_continue_formal__800320.npz,/home/__compress_data/xushijie/work/cr_scizor_hb4_runs/hb4_square_absorb_v1/observations/800320/FIXED_L80.npz,80,,RECONSTRUCTED_FOR_HB4,80,0.0,0.0,2.830661505193177e-08,True,hb4_reconstruction_audit_row_v1,800320,1e-10,0
/home/__compress_data/xushijie/work/cr_scizor/experiments/handback/hb3p_stop_continue_formal_v1/episodes/shard2/FIXED_L60/square__hb3p_stop_continue_formal__800324.npz,/home/__compress_data/xushijie/work/cr_scizor_hb4_runs/hb4_square_absorb_v1/observations/800324/FIXED_L60.npz,80,,RECONSTRUCTED_FOR_HB4,60,0.0,0.0,2.970753942843629e-08,True,hb4_reconstruction_audit_row_v1,800324,1e-10,0
/home/__compress_data/xushijie/work/cr_scizor/experiments/handback/hb3p_stop_continue_formal_v1/episodes/shard2/FIXED_L80/square__hb3p_stop_continue_formal__800324.npz,/home/__compress_data/xushijie/work/cr_scizor_hb4_runs/hb4_square_absorb_v1/observations/800324/FIXED_L80.npz,80,,RECONSTRUCTED_FOR_HB4,80,0.0,0.0,2.929258635653298e-08,True,hb4_reconstruction_audit_row_v1,800324,1e-10,0
/home/__compress_data/xushijie/work/cr_scizor/experiments/handback/hb3p_stop_continue_formal_v1/episodes/shard5/FIXED_L60/square__hb3p_stop_continue_formal__800334.npz,/home/__compress_data/xushijie/work/cr_scizor_hb4_runs/hb4_square_absorb_v1/observations/800334/FIXED_L60.npz,80,,RECONSTRUCTED_FOR_HB4,60,0.0,0.0,2.9800910295030292e-08,True,hb4_reconstruction_audit_row_v1,800334,1e-10,0
/home/__compress_data/xushijie/work/cr_scizor/experiments/handback/hb3p_stop_continue_formal_v1/episodes/shard5/FIXED_L80/square__hb3p_stop_continue_formal__800334.npz,/home/__compress_data/xushijie/work/cr_scizor_hb4_runs/hb4_square_absorb_v1/observations/800334/FIXED_L80.npz,80,,RECONSTRUCTED_FOR_HB4,80,0.0,0.0,2.9671475387793578e-08,True,hb4_reconstruction_audit_row_v1,800334,1e-10,0
/home/__compress_data/xushijie/work/cr_scizor/experiments/handback/hb3p_stop_continue_formal_v1/episodes/shard0/FIXED_L60/square__hb3p_stop_continue_formal__800343.npz,/home/__compress_data/xushijie/work/cr_scizor_hb4_runs/hb4_square_absorb_v1/observations/800343/FIXED_L60.npz,80,,RECONSTRUCTED_FOR_HB4,60,0.0,0.0,2.9028529358043897e-08,True,hb4_reconstruction_audit_row_v1,800343,1e-10,0
/home/__compress_data/xushijie/work/cr_scizor/experiments/handback/hb3p_stop_continue_formal_v1/episodes/shard0/FIXED_L80/square__hb3p_stop_continue_formal__800343.npz,/home/__compress_data/xushijie/work/cr_scizor_hb4_runs/hb4_square_absorb_v1/observations/800343/FIXED_L80.npz,80,,RECONSTRUCTED_FOR_HB4,80,0.0,0.0,2.882426730632659e-08,True,hb4_reconstruction_audit_row_v1,800343,1e-10,0
/home/__compress_data/xushijie/work/cr_scizor/experiments/handback/hb3p_stop_continue_formal_v1/episodes/shard1/FIXED_L60/square__hb3p_stop_continue_formal__800358.npz,/home/__compress_data/xushijie/work/cr_scizor_hb4_runs/hb4_square_absorb_v1/observations/800358/FIXED_L60.npz,80,,RECONSTRUCTED_FOR_HB4,60,0.0,0.0,2.9771985765592035e-08,True,hb4_reconstruction_audit_row_v1,800358,1e-10,0
/home/__compress_data/xushijie/work/cr_scizor/experiments/handback/hb3p_stop_continue_formal_v1/episodes/shard1/FIXED_L80/square__hb3p_stop_continue_formal__800358.npz,/home/__compress_data/xushijie/work/cr_scizor_hb4_runs/hb4_square_absorb_v1/observations/800358/FIXED_L80.npz,80,,RECONSTRUCTED_FOR_HB4,80,0.0,0.0,2.9503863130386776e-08,True,hb4_reconstruction_audit_row_v1,800358,1e-10,0
/home/__compress_data/xushijie/work/cr_scizor/experiments/handback/hb3p_stop_continue_formal_v1/episodes/shard6/FIXED_L60/square__hb3p_stop_continue_formal__800363.npz,/home/__compress_data/xushijie/work/cr_scizor_hb4_runs/hb4_square_absorb_v1/observations/800363/FIXED_L60.npz,80,,RECONSTRUCTED_FOR_HB4,60,0.0,0.0,2.963781109421859e-08,True,hb4_reconstruction_audit_row_v1,800363,1e-10,0
/home/__compress_data/xushijie/work/cr_scizor/experiments/handback/hb3p_stop_continue_formal_v1/episodes/shard6/FIXED_L80/square__hb3p_stop_continue_formal__800363.npz,/home/__compress_data/xushijie/work/cr_scizor_hb4_runs/hb4_square_absorb_v1/observations/800363/FIXED_L80.npz,80,,RECONSTRUCTED_FOR_HB4,80,0.0,0.0,2.905547136222708e-08,True,hb4_reconstruction_audit_row_v1,800363,1e-10,0
/home/__compress_data/xushijie/work/cr_scizor/experiments/handback/hb3p_stop_continue_formal_v1/episodes/shard0/FIXED_L60/square__hb3p_stop_continue_formal__800364.npz,/home/__compress_data/xushijie/work/cr_scizor_hb4_runs/hb4_square_absorb_v1/observations/800364/FIXED_L60.npz,80,,RECONSTRUCTED_FOR_HB4,60,0.0,0.0,2.69451873036175e-08,True,hb4_reconstruction_audit_row_v1,800364,1e-10,0
/home/__compress_data/xushijie/work/cr_scizor/experiments/handback/hb3p_stop_continue_formal_v1/episodes/shard0/FIXED_L80/square__hb3p_stop_continue_formal__800364.npz,/home/__compress_data/xushijie/work/cr_scizor_hb4_runs/hb4_square_absorb_v1/observations/800364/FIXED_L80.npz,80,,RECONSTRUCTED_FOR_HB4,80,0.0,0.0,1.929533488542745e-08,True,hb4_reconstruction_audit_row_v1,800364,1e-10,0
/home/__compress_data/xushijie/work/cr_scizor/experiments/handback/hb3p_stop_continue_formal_v1/episodes/shard5/FIXED_L60/square__hb3p_stop_continue_formal__800376.npz,/home/__compress_data/xushijie/work/cr_scizor_hb4_runs/hb4_square_absorb_v1/observations/800376/FIXED_L60.npz,80,,RECONSTRUCTED_FOR_HB4,60,0.0,0.0,2.9582422289564647e-08,True,hb4_reconstruction_audit_row_v1,800376,1e-10,0
/home/__compress_data/xushijie/work/cr_scizor/experiments/handback/hb3p_stop_continue_formal_v1/episodes/shard5/FIXED_L80/square__hb3p_stop_continue_formal__800376.npz,/home/__compress_data/xushijie/work/cr_scizor_hb4_runs/hb4_square_absorb_v1/observations/800376/FIXED_L80.npz,80,,RECONSTRUCTED_FOR_HB4,80,0.0,0.0,2.9500578757613027e-08,True,hb4_reconstruction_audit_row_v1,800376,1e-10,0
/home/__compress_data/xushijie/work/cr_scizor/experiments/handback/hb3p_stop_continue_formal_v1/episodes/shard0/FIXED_L60/square__hb3p_stop_continue_formal__800385.npz,/home/__compress_data/xushijie/work/cr_scizor_hb4_runs/hb4_square_absorb_v1/observations/800385/FIXED_L60.npz,80,,RECONSTRUCTED_FOR_HB4,60,0.0,0.0,2.675854193778804e-08,True,hb4_reconstruction_audit_row_v1,800385,1e-10,0
/home/__compress_data/xushijie/work/cr_scizor/experiments/handback/hb3p_stop_continue_formal_v1/episodes/shard0/FIXED_L80/square__hb3p_stop_continue_formal__800385.npz,/home/__compress_data/xushijie/work/cr_scizor_hb4_runs/hb4_square_absorb_v1/observations/800385/FIXED_L80.npz,80,,RECONSTRUCTED_FOR_HB4,80,0.0,0.0,2.979748647824465e-08,True,hb4_reconstruction_audit_row_v1,800385,1e-10,0
/home/__compress_data/xushijie/work/cr_scizor/experiments/handback/hb3p_stop_continue_formal_v1/episodes/shard3/FIXED_L60/square__hb3p_stop_continue_formal__800388.npz,/home/__compress_data/xushijie/work/cr_scizor_hb4_runs/hb4_square_absorb_v1/observations/800388/FIXED_L60.npz,80,,RECONSTRUCTED_FOR_HB4,60,0.0,0.0,2.9541570856217447e-08,True,hb4_reconstruction_audit_row_v1,800388,1e-10,0
/home/__compress_data/xushijie/work/cr_scizor/experiments/handback/hb3p_stop_continue_formal_v1/episodes/shard3/FIXED_L80/square__hb3p_stop_continue_formal__800388.npz,/home/__compress_data/xushijie/work/cr_scizor_hb4_runs/hb4_square_absorb_v1/observations/800388/FIXED_L80.npz,80,,RECONSTRUCTED_FOR_HB4,80,0.0,0.0,2.944744814659117e-08,True,hb4_reconstruction_audit_row_v1,800388,1e-10,0
/home/__compress_data/xushijie/work/cr_scizor/experiments/handback/hb3p_stop_continue_formal_v1/episodes/shard1/FIXED_L60/square__hb3p_stop_continue_formal__800393.npz,/home/__compress_data/xushijie/work/cr_scizor_hb4_runs/hb4_square_absorb_v1/observations/800393/FIXED_L60.npz,80,,RECONSTRUCTED_FOR_HB4,60,0.0,0.0,2.9294477399410823e-08,True,hb4_reconstruction_audit_row_v1,800393,1e-10,0
/home/__compress_data/xushijie/work/cr_scizor/experiments/handback/hb3p_stop_continue_formal_v1/episodes/shard1/FIXED_L80/square__hb3p_stop_continue_formal__800393.npz,/home/__compress_data/xushijie/work/cr_scizor_hb4_runs/hb4_square_absorb_v1/observations/800393/FIXED_L80.npz,80,,RECONSTRUCTED_FOR_HB4,80,0.0,0.0,2.913478969190919e-08,True,hb4_reconstruction_audit_row_v1,800393,1e-10,0
/home/__compress_data/xushijie/work/cr_scizor/experiments/handback/hb3p_stop_continue_formal_v1/episodes/shard0/FIXED_L60/square__hb3p_stop_continue_formal__800399.npz,/home/__compress_data/xushijie/work/cr_scizor_hb4_runs/hb4_square_absorb_v1/observations/800399/FIXED_L60.npz,80,,RECONSTRUCTED_FOR_HB4,60,0.0,0.0,2.9468841034052673e-08,True,hb4_reconstruction_audit_row_v1,800399,1e-10,0
/home/__compress_data/xushijie/work/cr_scizor/experiments/handback/hb3p_stop_continue_formal_v1/episodes/shard0/FIXED_L80/square__hb3p_stop_continue_formal__800399.npz,/home/__compress_data/xushijie/work/cr_scizor_hb4_runs/hb4_square_absorb_v1/observations/800399/FIXED_L80.npz,80,,RECONSTRUCTED_FOR_HB4,80,0.0,0.0,2.8706505728059994e-08,True,hb4_reconstruction_audit_row_v1,800399,1e-10,0
