root_id,stat_group_id,role,anchor_t,prefix_verified,prefix_config_hash,prefix_policy_pair_hash,prefix_memory_capture_phase,prefix_env_steps,prefix_action_max_abs,prefix_state_max_abs,prefix_anchor_history_sha256,prefix_initial_state_sha256,branch_trajectory_sha256,oracle_branch,oracle_planned_length,oracle_utility,l80_utility,oracle_minus_l80_utility,oracle_autonomous_completion,oracle_component,none_system_success,none_autonomous_completion,none_helper_completed_task,none_success_seen_under_helper,none_handoff_executed,none_genuine_handoff_success,none_helper_steps_actual,none_changed_action_steps,none_utility,none_first_raw_success_state,none_stable_success_state,none_handoff_state_index,none_raw_return,l5_system_success,l5_autonomous_completion,l5_helper_completed_task,l5_success_seen_under_helper,l5_handoff_executed,l5_genuine_handoff_success,l5_helper_steps_actual,l5_changed_action_steps,l5_utility,l5_first_raw_success_state,l5_stable_success_state,l5_handoff_state_index,l5_raw_return,l20_system_success,l20_autonomous_completion,l20_helper_completed_task,l20_success_seen_under_helper,l20_handoff_executed,l20_genuine_handoff_success,l20_helper_steps_actual,l20_changed_action_steps,l20_utility,l20_first_raw_success_state,l20_stable_success_state,l20_handoff_state_index,l20_raw_return,l80_system_success,l80_autonomous_completion,l80_helper_completed_task,l80_success_seen_under_helper,l80_handoff_executed,l80_genuine_handoff_success,l80_helper_steps_actual,l80_changed_action_steps,l80_first_raw_success_state,l80_stable_success_state,l80_handoff_state_index,l80_raw_return,l5_vs_l80_auto_case,l5_vs_l80_system_case,l5_vs_l80_utility_delta,l20_vs_l80_auto_case,l20_vs_l80_system_case,l20_vs_l80_utility_delta
square:hb2_val:301000,square:hb2_val:301000,hb2_val,20,True,839273f7897db14aa088a9f0f50f04cbfcdb2a3f6f13b95d7b3a042ddd2ffed4,a387545caca9faa67c63a4d392c0b96ac1f11019911c1a56b2acac6fe170c125,before_anchor_suggest,20,0.0,0.0,"[""a8cc0e639969572512ccfbe7ba5dade13be864a13f13252f36ea2fb74306a1f0"",""a8cc0e639969572512ccfbe7ba5dade13be864a13f13252f36ea2fb74306a1f0"",""a8cc0e639969572512ccfbe7ba5dade13be864a13f13252f36ea2fb74306a1f0"",""a8cc0e639969572512ccfbe7ba5dade13be864a13f13252f36ea2fb74306a1f0"",""a8cc0e639969572512ccfbe7ba5dade13be864a13f13252f36ea2fb74306a1f0""]","[""698c4f5c716a36ab86999936095aab07f74f6076eeb2f5430f67c85e5103a537"",""698c4f5c716a36ab86999936095aab07f74f6076eeb2f5430f67c85e5103a537"",""698c4f5c716a36ab86999936095aab07f74f6076eeb2f5430f67c85e5103a537"",""698c4f5c716a36ab86999936095aab07f74f6076eeb2f5430f67c85e5103a537"",""698c4f5c716a36ab86999936095aab07f74f6076eeb2f5430f67c85e5103a537""]","[""d90e687ecb38739829993378235fb8ca0d6ed3d1db6d53e803ade41fb314b428"",""26244bf57ce408fe1478064bb2ec34e2f625b6cbf71d8a07dc430bd23a4cf3b7"",""a241e7f7e73d5f10ec6a376f9bb9dd617245fe94c968729f24030eb821eaf228"",""23c15b1ebd6219f15a00b47d7ee0616ec3435761107b41e9be125db016577381"",""a582becce3819d04c2210403c9f233f4b5ea35de5ada91ea0c79ce28f9ab0100""]",l5,5,-0.003125,-0.05,0.046875,False,both_failed_cost_only,False,False,False,False,False,False,0.0,0.0,0.0,nan,nan,nan,38.13670239927267,False,False,False,False,True,False,5.0,5.0,-0.003125,nan,nan,25.0,54.33779766212233,False,False,False,False,True,False,20.0,20.0,-0.0125,nan,nan,40.0,69.50761007027837,False,False,False,False,True,False,80.0,80.0,nan,nan,100.0,122.43706030251495,both_failure,both_failure,0.046875,both_failure,both_failure,0.037500000000000006
square:hb2_val:301001,square:hb2_val:301001,hb2_val,20,True,839273f7897db14aa088a9f0f50f04cbfcdb2a3f6f13b95d7b3a042ddd2ffed4,a387545caca9faa67c63a4d392c0b96ac1f11019911c1a56b2acac6fe170c125,before_anchor_suggest,20,0.0,0.0,"[""b0923e2ffe2779dac22d825c52182b859a4d45541059297ad48ea779b3f96987"",""b0923e2ffe2779dac22d825c52182b859a4d45541059297ad48ea779b3f96987"",""b0923e2ffe2779dac22d825c52182b859a4d45541059297ad48ea779b3f96987"",""b0923e2ffe2779dac22d825c52182b859a4d45541059297ad48ea779b3f96987"",""b0923e2ffe2779dac22d825c52182b859a4d45541059297ad48ea779b3f96987""]","[""44e64b02658254b5202ba7533162e1825796658e4e3cff3e7c0ebab6afc8698a"",""44e64b02658254b5202ba7533162e1825796658e4e3cff3e7c0ebab6afc8698a"",""44e64b02658254b5202ba7533162e1825796658e4e3cff3e7c0ebab6afc8698a"",""44e64b02658254b5202ba7533162e1825796658e4e3cff3e7c0ebab6afc8698a"",""44e64b02658254b5202ba7533162e1825796658e4e3cff3e7c0ebab6afc8698a""]","[""ecd40358bfcb3d8c4b031fbd751c5b22c5d1e41230fa95dfded19106380cd2c6"",""69368399b39a6b622d152b6cb4db692f92ada98f92fb1a9bad9c398421f0f3ad"",""6c27b8668abe80c706deeea27d78dca014c492dc8d41d2c67a8900711a922cf7"",""82890e9ae20fccbbdee8a3ed050d825f73a4d2340c6ae97e7ca22483d94e4731"",""0cb474aa2e88daff5adc99417a2b12a04029a600942be0a32e1943353a94e494""]",l80,80,0.95,0.95,0.0,True,no_gain,False,False,False,False,False,False,0.0,0.0,0.0,nan,nan,nan,71.0639573642773,False,False,False,False,True,False,5.0,5.0,-0.003125,nan,nan,25.0,163.77397950592368,False,False,False,False,True,False,20.0,20.0,-0.0125,nan,nan,40.0,142.93095652734416,True,True,False,False,True,True,80.0,80.0,161.0,165.0,100.0,69.47966908791288,stop_failure_continue_success,stop_failure_continue_success,-0.953125,stop_failure_continue_success,stop_failure_continue_success,-0.9624999999999999
square:hb2_val:301002,square:hb2_val:301002,hb2_val,20,True,839273f7897db14aa088a9f0f50f04cbfcdb2a3f6f13b95d7b3a042ddd2ffed4,a387545caca9faa67c63a4d392c0b96ac1f11019911c1a56b2acac6fe170c125,before_anchor_suggest,20,0.0,0.0,"[""4437e614194463f31bd690836db5ba6d7c662e24ec0c913d4eb6e3feab5f4f16"",""4437e614194463f31bd690836db5ba6d7c662e24ec0c913d4eb6e3feab5f4f16"",""4437e614194463f31bd690836db5ba6d7c662e24ec0c913d4eb6e3feab5f4f16"",""4437e614194463f31bd690836db5ba6d7c662e24ec0c913d4eb6e3feab5f4f16"",""4437e614194463f31bd690836db5ba6d7c662e24ec0c913d4eb6e3feab5f4f16""]","[""e0ba59ebc3035b8a336d503523e68eeda2fba9bbedaeb64181b453eeb57b4518"",""e0ba59ebc3035b8a336d503523e68eeda2fba9bbedaeb64181b453eeb57b4518"",""e0ba59ebc3035b8a336d503523e68eeda2fba9bbedaeb64181b453eeb57b4518"",""e0ba59ebc3035b8a336d503523e68eeda2fba9bbedaeb64181b453eeb57b4518"",""e0ba59ebc3035b8a336d503523e68eeda2fba9bbedaeb64181b453eeb57b4518""]","[""220db745441f407cfa27c84d78bb630b64655af5cd0320371abf3234c86479aa"",""08c73dc6075d01b82b473da8f027fa6accd84c0652ce4992dc22e2400df1f9ea"",""59eccde3ef869d1cd38d21bff181559faa88025582ad60de645487349c69c203"",""d689369c6f231a4adffb2bd664f85a972d895309bc504e12943f1e76dcf0ccf1"",""eb8dc61f9d0b2d723790bdb30b4ef65e9526215453551923fb4892aa94a6a716""]",l5,5,-0.003125,-0.05,0.046875,False,both_failed_cost_only,False,False,False,False,False,False,0.0,0.0,0.0,nan,nan,nan,8.20473452423867,False,False,False,False,True,False,5.0,5.0,-0.003125,nan,nan,25.0,19.556640764801557,False,False,False,False,True,False,20.0,20.0,-0.0125,nan,nan,40.0,9.19529487354197,False,False,False,False,True,False,80.0,80.0,nan,nan,100.0,111.17530235839193,both_failure,both_failure,0.046875,both_failure,both_failure,0.037500000000000006
square:hb2_val:301003,square:hb2_val:301003,hb2_val,20,True,839273f7897db14aa088a9f0f50f04cbfcdb2a3f6f13b95d7b3a042ddd2ffed4,a387545caca9faa67c63a4d392c0b96ac1f11019911c1a56b2acac6fe170c125,before_anchor_suggest,20,0.0,0.0,"[""364e0435a4006c0a205261c306ef0466519025be8744c1155ab2f0a69e9de0dd"",""364e0435a4006c0a205261c306ef0466519025be8744c1155ab2f0a69e9de0dd"",""364e0435a4006c0a205261c306ef0466519025be8744c1155ab2f0a69e9de0dd"",""364e0435a4006c0a205261c306ef0466519025be8744c1155ab2f0a69e9de0dd"",""364e0435a4006c0a205261c306ef0466519025be8744c1155ab2f0a69e9de0dd""]","[""6f8f1cda599d53d05d58d405d1f042698f986204697f891fe5d4c9b229483ded"",""6f8f1cda599d53d05d58d405d1f042698f986204697f891fe5d4c9b229483ded"",""6f8f1cda599d53d05d58d405d1f042698f986204697f891fe5d4c9b229483ded"",""6f8f1cda599d53d05d58d405d1f042698f986204697f891fe5d4c9b229483ded"",""6f8f1cda599d53d05d58d405d1f042698f986204697f891fe5d4c9b229483ded""]","[""00a7438b5393fcbd9be0b5e7c606252075ff55cd2ccfe868997794a082a742fb"",""88a73d76016efe6aa6d7703649f92c52d9279bb555d7dc86a98eaa25fddf0c92"",""ea7bbfce5ec9282f2226a97f84ce63486133f386ddc73cf3c7b903535cd168bb"",""12b64885bd2bd52b23d372f85eff972d67cb1d1342703d1bbb3775be8296312f"",""6c2f783ec310a81d3dc0e4b973c34a768ef7b1d676dc4a86f06d2cb8ef06ad09""]",l80,80,0.95,0.95,0.0,True,no_gain,False,False,False,False,False,False,0.0,0.0,0.0,nan,nan,nan,31.21391525620923,False,False,False,False,True,False,5.0,5.0,-0.003125,nan,nan,25.0,95.64075699862981,False,False,False,False,True,False,20.0,20.0,-0.0125,nan,nan,40.0,99.08766599999929,True,True,False,False,True,True,80.0,80.0,355.0,359.0,100.0,114.17682084490934,stop_failure_continue_success,stop_failure_continue_success,-0.953125,stop_failure_continue_success,stop_failure_continue_success,-0.9624999999999999
square:hb2_val:301004,square:hb2_val:301004,hb2_val,20,True,839273f7897db14aa088a9f0f50f04cbfcdb2a3f6f13b95d7b3a042ddd2ffed4,a387545caca9faa67c63a4d392c0b96ac1f11019911c1a56b2acac6fe170c125,before_anchor_suggest,20,0.0,0.0,"[""0eb879bb5b2de952420e43341d5cdfdab04b31e722b650e71e3a6a0c05f58785"",""0eb879bb5b2de952420e43341d5cdfdab04b31e722b650e71e3a6a0c05f58785"",""0eb879bb5b2de952420e43341d5cdfdab04b31e722b650e71e3a6a0c05f58785"",""0eb879bb5b2de952420e43341d5cdfdab04b31e722b650e71e3a6a0c05f58785"",""0eb879bb5b2de952420e43341d5cdfdab04b31e722b650e71e3a6a0c05f58785""]","[""825b8706f04358141b3bdbef850961c82c0257d93ae2576379ee77ec57a53140"",""825b8706f04358141b3bdbef850961c82c0257d93ae2576379ee77ec57a53140"",""825b8706f04358141b3bdbef850961c82c0257d93ae2576379ee77ec57a53140"",""825b8706f04358141b3bdbef850961c82c0257d93ae2576379ee77ec57a53140"",""825b8706f04358141b3bdbef850961c82c0257d93ae2576379ee77ec57a53140""]","[""48434c357e7b73d1c21649eb40c331ef9ad7b19a4cfbd9c5acc70a685d8bf39e"",""b2f84c8494c4d20eea0474b5b2b093be8b9cb1e71302ff8b3034bc6ee1c2eaac"",""c5696eab755b273e5a5142708586dd87a03ec640ae92cc5d91072b6704a1974b"",""4829f739212ee65f22e43f8f70385ff1d99db29ecbb89a739301e28f83ad0393"",""a9fa1ea0d9e9e137ff588d651eca0066b236fc9732ff33b7d692dfe351041bd1""]",l5,5,-0.003125,-0.05,0.046875,False,both_failed_cost_only,False,False,False,False,False,False,0.0,0.0,0.0,nan,nan,nan,3.478946697659115,False,False,False,False,True,False,5.0,5.0,-0.003125,nan,nan,25.0,25.50386872003581,False,False,False,False,True,False,20.0,20.0,-0.0125,nan,nan,40.0,3.1024509527742907,False,False,False,False,True,False,80.0,80.0,nan,nan,100.0,194.13607963297565,both_failure,both_failure,0.046875,both_failure,both_failure,0.037500000000000006
square:hb2_val:301005,square:hb2_val:301005,hb2_val,20,True,839273f7897db14aa088a9f0f50f04cbfcdb2a3f6f13b95d7b3a042ddd2ffed4,a387545caca9faa67c63a4d392c0b96ac1f11019911c1a56b2acac6fe170c125,before_anchor_suggest,20,0.0,0.0,"[""8ceda2a3640d39df4bff986719c374152509aa5da47d37a14ff84fec16c270a9"",""8ceda2a3640d39df4bff986719c374152509aa5da47d37a14ff84fec16c270a9"",""8ceda2a3640d39df4bff986719c374152509aa5da47d37a14ff84fec16c270a9"",""8ceda2a3640d39df4bff986719c374152509aa5da47d37a14ff84fec16c270a9"",""8ceda2a3640d39df4bff986719c374152509aa5da47d37a14ff84fec16c270a9""]","[""11644951fbe3dd9d6adeaf5688cf741d62dac4c3492878b4cd534f5b6e9a6573"",""11644951fbe3dd9d6adeaf5688cf741d62dac4c3492878b4cd534f5b6e9a6573"",""11644951fbe3dd9d6adeaf5688cf741d62dac4c3492878b4cd534f5b6e9a6573"",""11644951fbe3dd9d6adeaf5688cf741d62dac4c3492878b4cd534f5b6e9a6573"",""11644951fbe3dd9d6adeaf5688cf741d62dac4c3492878b4cd534f5b6e9a6573""]","[""6a1f2f9ce39d072d2aa5edd313f47597c481c6f6dab320cf6756ae2a742a567c"",""fda78d5c0ee7b2547ab57c79cb492c9d344b18561e7769056787a01537d351f8"",""0e40ad99dccca428f9242d3b1b6c802df865c7aa69c07b93a6feb705e996478e"",""e62a15a8b9dc4145d617395cfdd8ccce7b8155ef515ce468fcf2fdbbe8e7c818"",""b0e6fc5a82bbf8e19c4290785c6690d3cee1e311168c8a932ef85fbd49ef14b1""]",l5,5,-0.003125,-0.05,0.046875,False,both_failed_cost_only,False,False,False,False,False,False,0.0,0.0,0.0,nan,nan,nan,5.867409807627746,False,False,False,False,True,False,5.0,5.0,-0.003125,nan,nan,25.0,18.73661497732681,False,False,False,False,True,False,20.0,20.0,-0.0125,nan,nan,40.0,3.088611156864613,False,False,False,False,True,False,80.0,80.0,nan,nan,100.0,5.522262278641468,both_failure,both_failure,0.046875,both_failure,both_failure,0.037500000000000006
square:hb2_val:301006,square:hb2_val:301006,hb2_val,20,True,839273f7897db14aa088a9f0f50f04cbfcdb2a3f6f13b95d7b3a042ddd2ffed4,a387545caca9faa67c63a4d392c0b96ac1f11019911c1a56b2acac6fe170c125,before_anchor_suggest,20,0.0,0.0,"[""49f700d6c009dadd26e857e688a4739f5ae8504ba89b61eee1722c1515317ac1"",""49f700d6c009dadd26e857e688a4739f5ae8504ba89b61eee1722c1515317ac1"",""49f700d6c009dadd26e857e688a4739f5ae8504ba89b61eee1722c1515317ac1"",""49f700d6c009dadd26e857e688a4739f5ae8504ba89b61eee1722c1515317ac1"",""49f700d6c009dadd26e857e688a4739f5ae8504ba89b61eee1722c1515317ac1""]","[""f67ac7193feb7ec5da38855838ca68d47a5def6c2daaf17bcf5972c340952ebf"",""f67ac7193feb7ec5da38855838ca68d47a5def6c2daaf17bcf5972c340952ebf"",""f67ac7193feb7ec5da38855838ca68d47a5def6c2daaf17bcf5972c340952ebf"",""f67ac7193feb7ec5da38855838ca68d47a5def6c2daaf17bcf5972c340952ebf"",""f67ac7193feb7ec5da38855838ca68d47a5def6c2daaf17bcf5972c340952ebf""]","[""745f970c5a979781d6ccbf8d3ff84a3d500797134d78d799f4e292ebd11a395d"",""db71ee7dd2cd4bef86cfbe37b9c838bbdfb48c3eee0a73fdbb94535feaeb4747"",""44dd98eebc89a40a17cbcc94c11408ac33344854ae07fa13c66a3839bbfaa660"",""38e9065399a785cea4d67dbd6013f6db7b7b77273598b8f928dc3617b7489d63"",""fc51f4191d82af275940181d2bedc532ae13df79427eb206b1d8b7c05a2e5347""]",l5,5,-0.003125,-0.05,0.046875,False,both_failed_cost_only,True,True,False,False,False,False,0.0,0.0,1.0,100.0,104.0,nan,30.11407588511225,False,False,False,False,True,False,5.0,5.0,-0.003125,nan,nan,25.0,31.25046487413365,False,False,False,False,True,False,20.0,20.0,-0.0125,nan,nan,40.0,30.97419457669159,False,False,False,False,True,False,80.0,80.0,nan,nan,100.0,105.60456951267199,both_failure,both_failure,0.046875,both_failure,both_failure,0.037500000000000006
square:hb2_val:301007,square:hb2_val:301007,hb2_val,20,True,839273f7897db14aa088a9f0f50f04cbfcdb2a3f6f13b95d7b3a042ddd2ffed4,a387545caca9faa67c63a4d392c0b96ac1f11019911c1a56b2acac6fe170c125,before_anchor_suggest,20,0.0,0.0,"[""872d98e969655db4e795b1033bbfb820c2bacdb9415f63c1d3d8b1cb71897d3e"",""872d98e969655db4e795b1033bbfb820c2bacdb9415f63c1d3d8b1cb71897d3e"",""872d98e969655db4e795b1033bbfb820c2bacdb9415f63c1d3d8b1cb71897d3e"",""872d98e969655db4e795b1033bbfb820c2bacdb9415f63c1d3d8b1cb71897d3e"",""872d98e969655db4e795b1033bbfb820c2bacdb9415f63c1d3d8b1cb71897d3e""]","[""16d4ab9b6ace61d803f9c5157dec15b3709b8b04b453ff078bec35dd3697c1ac"",""16d4ab9b6ace61d803f9c5157dec15b3709b8b04b453ff078bec35dd3697c1ac"",""16d4ab9b6ace61d803f9c5157dec15b3709b8b04b453ff078bec35dd3697c1ac"",""16d4ab9b6ace61d803f9c5157dec15b3709b8b04b453ff078bec35dd3697c1ac"",""16d4ab9b6ace61d803f9c5157dec15b3709b8b04b453ff078bec35dd3697c1ac""]","[""98dca38b26c21937e754ada4293ea6f617843b1560680ef803eb7a86dd09f746"",""3c8c0886e6bc495af2baf95a92630385039306e7ab99e77e41f81da532e38022"",""379d4a61321f0b06b84767bc274ef77e407f455538289841e8de340e8569af5d"",""5f35ab5a5a57ea97e1062f9f3893862300e6c97b2ccb7fa0ac415a9e2ddfe630"",""2f49ecdf4b75a53e269dc76ab5a602ab948e76daff0dd35e5cd0873f14a96487""]",l5,5,-0.003125,-0.05,0.046875,False,both_failed_cost_only,False,False,False,False,False,False,0.0,0.0,0.0,nan,nan,nan,99.70786230764115,False,False,False,False,True,False,5.0,5.0,-0.003125,nan,nan,25.0,75.35764344395625,False,False,False,False,True,False,20.0,20.0,-0.0125,nan,nan,40.0,61.40417351766853,False,False,False,False,True,False,80.0,80.0,nan,nan,100.0,69.81537006124204,both_failure,both_failure,0.046875,both_failure,both_failure,0.037500000000000006
square:hb2_val:301008,square:hb2_val:301008,hb2_val,20,True,839273f7897db14aa088a9f0f50f04cbfcdb2a3f6f13b95d7b3a042ddd2ffed4,a387545caca9faa67c63a4d392c0b96ac1f11019911c1a56b2acac6fe170c125,before_anchor_suggest,20,0.0,0.0,"[""5f799c0201998922d8f596efb1c407c003680ab4a4ca336cf0f4076ea6d6cdaa"",""5f799c0201998922d8f596efb1c407c003680ab4a4ca336cf0f4076ea6d6cdaa"",""5f799c0201998922d8f596efb1c407c003680ab4a4ca336cf0f4076ea6d6cdaa"",""5f799c0201998922d8f596efb1c407c003680ab4a4ca336cf0f4076ea6d6cdaa"",""5f799c0201998922d8f596efb1c407c003680ab4a4ca336cf0f4076ea6d6cdaa""]","[""a370c7f1a32097868b84c8ec24a8688a7dc2f0d1c89e1d4d55deb951754ed1b3"",""a370c7f1a32097868b84c8ec24a8688a7dc2f0d1c89e1d4d55deb951754ed1b3"",""a370c7f1a32097868b84c8ec24a8688a7dc2f0d1c89e1d4d55deb951754ed1b3"",""a370c7f1a32097868b84c8ec24a8688a7dc2f0d1c89e1d4d55deb951754ed1b3"",""a370c7f1a32097868b84c8ec24a8688a7dc2f0d1c89e1d4d55deb951754ed1b3""]","[""077766694d5ef9cca41ac4e270876a7db217c16acd7bc12894793c98ba848cc7"",""5a4d0480220dfa68792e0e6e3d2df714aa184a73b1510a04673fbcf5dbf41b0f"",""fb51c29bfced3709fff54f85fbe06b06eaffb58c96010ed55840f542143ba657"",""72158d5d1ca01766d4d5893ed2b80760acb6451a986a95f53e812d22b98e579c"",""97581262b40fd0f020db14680cad5774bf229837df0f1787120bc675a5bfc7fd""]",l5,5,-0.003125,-0.05,0.046875,False,both_failed_cost_only,False,False,False,False,False,False,0.0,0.0,0.0,nan,nan,nan,121.06832742685327,False,False,False,False,True,False,5.0,5.0,-0.003125,nan,nan,25.0,34.97162826563303,False,False,False,False,True,False,20.0,20.0,-0.0125,nan,nan,40.0,29.17189695751515,False,False,False,False,True,False,80.0,80.0,nan,nan,100.0,53.689382065313886,both_failure,both_failure,0.046875,both_failure,both_failure,0.037500000000000006
square:hb2_val:301009,square:hb2_val:301009,hb2_val,20,True,839273f7897db14aa088a9f0f50f04cbfcdb2a3f6f13b95d7b3a042ddd2ffed4,a387545caca9faa67c63a4d392c0b96ac1f11019911c1a56b2acac6fe170c125,before_anchor_suggest,20,0.0,0.0,"[""5b7b5fcdee256fdc5ae7d7c4cf310ee7d780c62f3d4b57d8b7c6839ad04e31d0"",""5b7b5fcdee256fdc5ae7d7c4cf310ee7d780c62f3d4b57d8b7c6839ad04e31d0"",""5b7b5fcdee256fdc5ae7d7c4cf310ee7d780c62f3d4b57d8b7c6839ad04e31d0"",""5b7b5fcdee256fdc5ae7d7c4cf310ee7d780c62f3d4b57d8b7c6839ad04e31d0"",""5b7b5fcdee256fdc5ae7d7c4cf310ee7d780c62f3d4b57d8b7c6839ad04e31d0""]","[""5c7ffb97b05e10ddacc4191600815e2a2bc2fb102706ba8c7561a48fbd23a635"",""5c7ffb97b05e10ddacc4191600815e2a2bc2fb102706ba8c7561a48fbd23a635"",""5c7ffb97b05e10ddacc4191600815e2a2bc2fb102706ba8c7561a48fbd23a635"",""5c7ffb97b05e10ddacc4191600815e2a2bc2fb102706ba8c7561a48fbd23a635"",""5c7ffb97b05e10ddacc4191600815e2a2bc2fb102706ba8c7561a48fbd23a635""]","[""6dc8039d39397d86cda2223353531bf5e67b02e3341206876ffd9c8687b4724d"",""aac948b5fc73445953793dd03574f509dad479fefd5be43a35e6235bb0d45cfb"",""f810b99c407ef2c73fb4724fa6148218e0a882a8b5429525bfce0369af1d7c56"",""97a71fbaeb4e253b273030999bf427e116ae027e81a0a0e930edbb05fe93d32f"",""89443605b79d6c6e363a13644710805d1ca4bce5c7567f849619a282c12a4da5""]",l80,80,0.95,0.95,0.0,True,no_gain,False,False,False,False,False,False,0.0,0.0,0.0,nan,nan,nan,110.30056570072263,False,False,False,False,True,False,5.0,5.0,-0.003125,nan,nan,25.0,45.789985519375136,False,False,False,False,True,False,20.0,20.0,-0.0125,nan,nan,40.0,64.17354213117316,True,True,False,False,True,True,80.0,80.0,125.0,129.0,100.0,42.58879736011653,stop_failure_continue_success,stop_failure_continue_success,-0.953125,stop_failure_continue_success,stop_failure_continue_success,-0.9624999999999999
square:hb2_val:301010,square:hb2_val:301010,hb2_val,20,True,839273f7897db14aa088a9f0f50f04cbfcdb2a3f6f13b95d7b3a042ddd2ffed4,a387545caca9faa67c63a4d392c0b96ac1f11019911c1a56b2acac6fe170c125,before_anchor_suggest,20,0.0,0.0,"[""3b2978d964101dc0c3c5e40e30a6ce89c0221e919b514fc8313e4ea8a87cb07b"",""3b2978d964101dc0c3c5e40e30a6ce89c0221e919b514fc8313e4ea8a87cb07b"",""3b2978d964101dc0c3c5e40e30a6ce89c0221e919b514fc8313e4ea8a87cb07b"",""3b2978d964101dc0c3c5e40e30a6ce89c0221e919b514fc8313e4ea8a87cb07b"",""3b2978d964101dc0c3c5e40e30a6ce89c0221e919b514fc8313e4ea8a87cb07b""]","[""f4f9fa5acaab86efe824c3e863ecd27ef865a03229e01f488184aa4a3c3e64cc"",""f4f9fa5acaab86efe824c3e863ecd27ef865a03229e01f488184aa4a3c3e64cc"",""f4f9fa5acaab86efe824c3e863ecd27ef865a03229e01f488184aa4a3c3e64cc"",""f4f9fa5acaab86efe824c3e863ecd27ef865a03229e01f488184aa4a3c3e64cc"",""f4f9fa5acaab86efe824c3e863ecd27ef865a03229e01f488184aa4a3c3e64cc""]","[""b0611c1b132d0083e6b959dbe926f8d47c7f64952d2aea083083f035a4907e68"",""54cdcc41e8a4ab387969a02ab53638af0dbf00898b374337736bf5aa028c3ff3"",""46beb5af7123430af647f641399007ad04257f5732dce3afbdfb08dfc5e36ac7"",""ed377552fcd7728746a1ddfb126d73be948b35028a5dd3fa93f3070141741596"",""fca660ccf5092ead977e0022a2f41c762c93c06196f73b86e415fb11fe09d80d""]",l5,5,0.996875,0.95,0.046875,True,success_with_lower_cost,False,False,False,False,False,False,0.0,0.0,0.0,nan,nan,nan,35.035315818215864,True,True,False,False,True,True,5.0,5.0,0.996875,157.0,161.0,25.0,46.80115491767785,True,True,False,False,True,True,20.0,20.0,0.9875,115.0,119.0,40.0,38.16575391694331,True,True,False,False,True,True,80.0,80.0,161.0,165.0,100.0,56.23058122319374,stop_success_continue_success,stop_success_continue_success,0.046875,stop_success_continue_success,stop_success_continue_success,0.03750000000000009
square:hb2_val:301011,square:hb2_val:301011,hb2_val,20,True,839273f7897db14aa088a9f0f50f04cbfcdb2a3f6f13b95d7b3a042ddd2ffed4,a387545caca9faa67c63a4d392c0b96ac1f11019911c1a56b2acac6fe170c125,before_anchor_suggest,20,0.0,0.0,"[""640505ff0cab4b3794250115b34abbb038c9541fbce1176b2e5b43619b925863"",""640505ff0cab4b3794250115b34abbb038c9541fbce1176b2e5b43619b925863"",""640505ff0cab4b3794250115b34abbb038c9541fbce1176b2e5b43619b925863"",""640505ff0cab4b3794250115b34abbb038c9541fbce1176b2e5b43619b925863"",""640505ff0cab4b3794250115b34abbb038c9541fbce1176b2e5b43619b925863""]","[""4ae5a8243e85f4a786158da8195193eb3168c2d29973e5a90ed1db56e7454d34"",""4ae5a8243e85f4a786158da8195193eb3168c2d29973e5a90ed1db56e7454d34"",""4ae5a8243e85f4a786158da8195193eb3168c2d29973e5a90ed1db56e7454d34"",""4ae5a8243e85f4a786158da8195193eb3168c2d29973e5a90ed1db56e7454d34"",""4ae5a8243e85f4a786158da8195193eb3168c2d29973e5a90ed1db56e7454d34""]","[""8516914fbaed90ccf7eb17d4da38b377adfa33fde8400f202ad9a8a994789bc0"",""2adcb0d23e4898bb9d700be5718e113bfcb0b17407e7069f0b1b740f5cc6246e"",""931c8e59277aace56da19d636867334494dc26c307afde701366254958d3935a"",""ce7d1031d10e87863976d364125fcede3dc53e9750b506a02c71d0e5fcd27356"",""013723a6325af95691aa4c28970454c57cf5520d3de9a59bb8992679f5b02ec4""]",l5,5,-0.003125,-0.05,0.046875,False,both_failed_cost_only,False,False,False,False,False,False,0.0,0.0,0.0,nan,nan,nan,6.761640732253911,False,False,False,False,True,False,5.0,5.0,-0.003125,nan,nan,25.0,2.5520016720088403,False,False,False,False,True,False,20.0,20.0,-0.0125,nan,nan,40.0,5.27053842556414,False,False,False,False,True,False,80.0,80.0,nan,nan,100.0,28.62996607903256,both_failure,both_failure,0.046875,both_failure,both_failure,0.037500000000000006
square:hb2_val:301012,square:hb2_val:301012,hb2_val,20,True,839273f7897db14aa088a9f0f50f04cbfcdb2a3f6f13b95d7b3a042ddd2ffed4,a387545caca9faa67c63a4d392c0b96ac1f11019911c1a56b2acac6fe170c125,before_anchor_suggest,20,0.0,0.0,"[""c55c956f7916297c3b5018b1f8e34e0d90bc26033202e5c6fb6936ffb83a0003"",""c55c956f7916297c3b5018b1f8e34e0d90bc26033202e5c6fb6936ffb83a0003"",""c55c956f7916297c3b5018b1f8e34e0d90bc26033202e5c6fb6936ffb83a0003"",""c55c956f7916297c3b5018b1f8e34e0d90bc26033202e5c6fb6936ffb83a0003"",""c55c956f7916297c3b5018b1f8e34e0d90bc26033202e5c6fb6936ffb83a0003""]","[""8f508b47596a0bc9b2e6c5bd35ef6ecb29cf68381d15cfa0add71cbaf95a638b"",""8f508b47596a0bc9b2e6c5bd35ef6ecb29cf68381d15cfa0add71cbaf95a638b"",""8f508b47596a0bc9b2e6c5bd35ef6ecb29cf68381d15cfa0add71cbaf95a638b"",""8f508b47596a0bc9b2e6c5bd35ef6ecb29cf68381d15cfa0add71cbaf95a638b"",""8f508b47596a0bc9b2e6c5bd35ef6ecb29cf68381d15cfa0add71cbaf95a638b""]","[""b2a73ac855b69b83b7aa6ea217d2bbbb2d44c8d004711f518dc7b4d1de140999"",""d394af5b0a9cdf15bcb491bd1eb6ca28aa47a0dc3081bd1fa75859a9afe5779b"",""c36abffdd90a4e7cdd49c8d283bb94bf85913f697082499d9c1cbcef7bd29af9"",""07b443f5b89bc98f90e6e43ee3d3225ec74722c559dd3de89587704f116d3fb2"",""c0b834b799cca75fe6904dfc35e77f58dd374e78d72e63d82de50738a93366aa""]",l5,5,-0.003125,-0.05,0.046875,False,both_failed_cost_only,False,False,False,False,False,False,0.0,0.0,0.0,nan,nan,nan,3.165194479362073,False,False,False,False,True,False,5.0,5.0,-0.003125,nan,nan,25.0,43.80034156202657,False,False,False,False,True,False,20.0,20.0,-0.0125,nan,nan,40.0,56.56957463666615,False,False,False,False,True,False,80.0,80.0,nan,nan,100.0,46.519802588770574,both_failure,both_failure,0.046875,both_failure,both_failure,0.037500000000000006
square:hb2_val:301013,square:hb2_val:301013,hb2_val,20,True,839273f7897db14aa088a9f0f50f04cbfcdb2a3f6f13b95d7b3a042ddd2ffed4,a387545caca9faa67c63a4d392c0b96ac1f11019911c1a56b2acac6fe170c125,before_anchor_suggest,20,0.0,0.0,"[""da7c01551b9b61e4bc10c50344338d712f16716cbcef5d83f68b31a0fd83f7cf"",""da7c01551b9b61e4bc10c50344338d712f16716cbcef5d83f68b31a0fd83f7cf"",""da7c01551b9b61e4bc10c50344338d712f16716cbcef5d83f68b31a0fd83f7cf"",""da7c01551b9b61e4bc10c50344338d712f16716cbcef5d83f68b31a0fd83f7cf"",""da7c01551b9b61e4bc10c50344338d712f16716cbcef5d83f68b31a0fd83f7cf""]","[""8332612e0300c5290d83ce716dd6ad549f77cead0afd065687064919b5a6a6d7"",""8332612e0300c5290d83ce716dd6ad549f77cead0afd065687064919b5a6a6d7"",""8332612e0300c5290d83ce716dd6ad549f77cead0afd065687064919b5a6a6d7"",""8332612e0300c5290d83ce716dd6ad549f77cead0afd065687064919b5a6a6d7"",""8332612e0300c5290d83ce716dd6ad549f77cead0afd065687064919b5a6a6d7""]","[""5238a8e7710b5034b1db2f1d02a99aa5663209bcea510f8a79a53ffeab326e12"",""c456dcf0113f1c47d6799dfa6f8d51fd636bfaa682a95b3d3fe16bb9dd8f2d36"",""01dbf2a2d76082f3f81026f5ce7314a03ad4d7f8fd8de557abda2b3808db3ca1"",""f98072f8a431a3d3881c9508da0b5c345d73b931ad590aafe47d4d297359e69e"",""c9d59e849922806becdad243f88696ac2a3dc660a8ebeeb28574d485340d8704""]",l5,5,-0.003125,-0.05,0.046875,False,both_failed_cost_only,False,False,False,False,False,False,0.0,0.0,0.0,nan,nan,nan,1.7837751942863413,False,False,False,False,True,False,5.0,5.0,-0.003125,nan,nan,25.0,12.977683635062851,False,False,False,False,True,False,20.0,20.0,-0.0125,nan,nan,40.0,73.7332798513165,False,False,False,False,True,False,80.0,80.0,nan,nan,100.0,75.26959048495007,both_failure,both_failure,0.046875,both_failure,both_failure,0.037500000000000006
square:hb2_val:301014,square:hb2_val:301014,hb2_val,20,True,839273f7897db14aa088a9f0f50f04cbfcdb2a3f6f13b95d7b3a042ddd2ffed4,a387545caca9faa67c63a4d392c0b96ac1f11019911c1a56b2acac6fe170c125,before_anchor_suggest,20,0.0,0.0,"[""db33be6c293a3b303b5378c796e38ef5f1fd2d8c0617d9334db60c32ae49b1fb"",""db33be6c293a3b303b5378c796e38ef5f1fd2d8c0617d9334db60c32ae49b1fb"",""db33be6c293a3b303b5378c796e38ef5f1fd2d8c0617d9334db60c32ae49b1fb"",""db33be6c293a3b303b5378c796e38ef5f1fd2d8c0617d9334db60c32ae49b1fb"",""db33be6c293a3b303b5378c796e38ef5f1fd2d8c0617d9334db60c32ae49b1fb""]","[""64b7b2092976b1dd270d484798828160551421902307251759921c1bbfac19fe"",""64b7b2092976b1dd270d484798828160551421902307251759921c1bbfac19fe"",""64b7b2092976b1dd270d484798828160551421902307251759921c1bbfac19fe"",""64b7b2092976b1dd270d484798828160551421902307251759921c1bbfac19fe"",""64b7b2092976b1dd270d484798828160551421902307251759921c1bbfac19fe""]","[""5bb5efec84d79df1b9342bcba90d5344ef1336221a77ed2239f9efbd15b9147b"",""ace34562d235a2591f0c11aff30d98d33fc96cc8a9117982952a8f1454140a39"",""7026d46a5eab19e73ff6e115640b2a8db17b0a4a5ef170356dba2bd8123eb4e2"",""b382fd3a5c5829ee13b9ac20c717ccd6e2ec5e68b501bd0ca904d68e052e6ff8"",""3a4fee326d01807579f489da131dcd59e390fe5d7cbc6d9e1bcd9ac77fa89451""]",l80,80,0.95,0.95,0.0,True,no_gain,False,False,False,False,False,False,0.0,0.0,0.0,nan,nan,nan,74.05256287809001,False,False,False,False,True,False,5.0,5.0,-0.003125,nan,nan,25.0,3.2253486255115575,False,False,False,False,True,False,20.0,20.0,-0.0125,nan,nan,40.0,135.57766453310418,True,True,False,False,True,True,80.0,80.0,189.0,193.0,100.0,56.013270341089225,stop_failure_continue_success,stop_failure_continue_success,-0.953125,stop_failure_continue_success,stop_failure_continue_success,-0.9624999999999999
square:hb2_val:301015,square:hb2_val:301015,hb2_val,20,True,839273f7897db14aa088a9f0f50f04cbfcdb2a3f6f13b95d7b3a042ddd2ffed4,a387545caca9faa67c63a4d392c0b96ac1f11019911c1a56b2acac6fe170c125,before_anchor_suggest,20,0.0,0.0,"[""a8cce9a3432b0f981d29543cf3e49418e348099ecd6c971b99442515f6cb8d8d"",""a8cce9a3432b0f981d29543cf3e49418e348099ecd6c971b99442515f6cb8d8d"",""a8cce9a3432b0f981d29543cf3e49418e348099ecd6c971b99442515f6cb8d8d"",""a8cce9a3432b0f981d29543cf3e49418e348099ecd6c971b99442515f6cb8d8d"",""a8cce9a3432b0f981d29543cf3e49418e348099ecd6c971b99442515f6cb8d8d""]","[""039c287675a91ebc3c6884b1f5104c140809a138601280260b684d8cce0f3910"",""039c287675a91ebc3c6884b1f5104c140809a138601280260b684d8cce0f3910"",""039c287675a91ebc3c6884b1f5104c140809a138601280260b684d8cce0f3910"",""039c287675a91ebc3c6884b1f5104c140809a138601280260b684d8cce0f3910"",""039c287675a91ebc3c6884b1f5104c140809a138601280260b684d8cce0f3910""]","[""d74f4372e32bc1a207da12a3b72db0dd0f078f3dc90b3cba246e0284475c2b42"",""8db4b0e9dfd150518a407e6c87bcd322e7e6d47c960090ac2a2fcd2e99bcf811"",""d39e87d003dd3010aadc8568f5046f63e2531aaed87562b54006d76509e84ddc"",""ed6812606f1330a6a702729f0808773dbc74603814a77b05251f3529446f05dc"",""26f759678cc675f3b825df8a95a38e57465b35cbc97e30962ee6c39f3553407c""]",l5,5,-0.003125,-0.05,0.046875,False,both_failed_cost_only,False,False,False,False,False,False,0.0,0.0,0.0,nan,nan,nan,12.15774398557195,False,False,False,False,True,False,5.0,5.0,-0.003125,nan,nan,25.0,14.139576814328315,False,False,False,False,True,False,20.0,20.0,-0.0125,nan,nan,40.0,137.790970527755,False,False,False,False,True,False,80.0,80.0,nan,nan,100.0,115.64076948241961,both_failure,both_failure,0.046875,both_failure,both_failure,0.037500000000000006
square:hb2_val:301016,square:hb2_val:301016,hb2_val,20,True,839273f7897db14aa088a9f0f50f04cbfcdb2a3f6f13b95d7b3a042ddd2ffed4,a387545caca9faa67c63a4d392c0b96ac1f11019911c1a56b2acac6fe170c125,before_anchor_suggest,20,0.0,0.0,"[""a37d8b522dd164874b9843001a3be0470d89bd96d1e7aa4c8f73613b182a76cf"",""a37d8b522dd164874b9843001a3be0470d89bd96d1e7aa4c8f73613b182a76cf"",""a37d8b522dd164874b9843001a3be0470d89bd96d1e7aa4c8f73613b182a76cf"",""a37d8b522dd164874b9843001a3be0470d89bd96d1e7aa4c8f73613b182a76cf"",""a37d8b522dd164874b9843001a3be0470d89bd96d1e7aa4c8f73613b182a76cf""]","[""96e198b3471eb2123b5b58316ccf344337218b13048ae6be15b2908acfe15518"",""96e198b3471eb2123b5b58316ccf344337218b13048ae6be15b2908acfe15518"",""96e198b3471eb2123b5b58316ccf344337218b13048ae6be15b2908acfe15518"",""96e198b3471eb2123b5b58316ccf344337218b13048ae6be15b2908acfe15518"",""96e198b3471eb2123b5b58316ccf344337218b13048ae6be15b2908acfe15518""]","[""1b54b475d5f5058aa24afe9ffe725ad832398b6487738426aac201de19df6665"",""63ce9096a311ff59c0aed9f11ac9fb3029a2c4d73d7f86547168c6d258ce962a"",""daad17ad3d9ecfbcdbb7806881faa6cd00630ad16492e4f615d2753409e3e7cf"",""6a37fab51f07f596c77f9633a89d1d024958d369fa1caf3e4df921b45337d057"",""85f7aa439dfb9703e731e89295355e284282adcebf529fe3ae7c8b63f5666bc4""]",l5,5,-0.003125,-0.05,0.046875,False,both_failed_cost_only,False,False,False,False,False,False,0.0,0.0,0.0,nan,nan,nan,123.02374269558379,False,False,False,False,True,False,5.0,5.0,-0.003125,nan,nan,25.0,4.295162273230976,False,False,False,False,True,False,20.0,20.0,-0.0125,nan,nan,40.0,54.594259794757136,False,False,False,False,True,False,80.0,80.0,nan,nan,100.0,45.762152579488436,both_failure,both_failure,0.046875,both_failure,both_failure,0.037500000000000006
square:hb2_val:301017,square:hb2_val:301017,hb2_val,20,True,839273f7897db14aa088a9f0f50f04cbfcdb2a3f6f13b95d7b3a042ddd2ffed4,a387545caca9faa67c63a4d392c0b96ac1f11019911c1a56b2acac6fe170c125,before_anchor_suggest,20,0.0,0.0,"[""f0dd56954fe2e0455ee018aace467d67cedf34741aef18f097520b04069b2506"",""f0dd56954fe2e0455ee018aace467d67cedf34741aef18f097520b04069b2506"",""f0dd56954fe2e0455ee018aace467d67cedf34741aef18f097520b04069b2506"",""f0dd56954fe2e0455ee018aace467d67cedf34741aef18f097520b04069b2506"",""f0dd56954fe2e0455ee018aace467d67cedf34741aef18f097520b04069b2506""]","[""67e6a31b955a31a828af06780bd2e29c36ae63049babd071ac909f7523eeaf7c"",""67e6a31b955a31a828af06780bd2e29c36ae63049babd071ac909f7523eeaf7c"",""67e6a31b955a31a828af06780bd2e29c36ae63049babd071ac909f7523eeaf7c"",""67e6a31b955a31a828af06780bd2e29c36ae63049babd071ac909f7523eeaf7c"",""67e6a31b955a31a828af06780bd2e29c36ae63049babd071ac909f7523eeaf7c""]","[""24cbe810dbbb2025fc01be9f5e32639082904bd6283f7bb0577fbdd9c3e1372a"",""b3b28a421d15f5efbb2bef208cf5ad83cbe09292ddbddb5d03bbd8623f0edcb8"",""d228592a392228f48e368b30f52c57c5e3ecf5ba627f442bc6ed8ef4733e1d7e"",""4241cc9a432346a0b6cf6838dbce8831b81afd26e26e9e45ebb4601e46a35912"",""6109705f4158ffde0dc042895637ae9d1c1823e3d179beb682c603b69797745e""]",l5,5,0.996875,0.95,0.046875,True,success_with_lower_cost,False,False,False,False,False,False,0.0,0.0,0.0,nan,nan,nan,52.2365806852056,True,True,False,False,True,True,5.0,5.0,0.996875,129.0,133.0,25.0,43.41757958276967,False,False,False,False,True,False,20.0,20.0,-0.0125,nan,nan,40.0,83.92983525108936,True,True,False,False,True,True,80.0,80.0,170.0,174.0,100.0,74.15642631065039,stop_success_continue_success,stop_success_continue_success,0.046875,stop_failure_continue_success,stop_failure_continue_success,-0.9624999999999999
square:hb2_val:301018,square:hb2_val:301018,hb2_val,20,True,839273f7897db14aa088a9f0f50f04cbfcdb2a3f6f13b95d7b3a042ddd2ffed4,a387545caca9faa67c63a4d392c0b96ac1f11019911c1a56b2acac6fe170c125,before_anchor_suggest,20,0.0,0.0,"[""ccfc20ac6a83e129a3bd4d9ad43fbb3413710b01665ccbd105f768ed7a3fcdba"",""ccfc20ac6a83e129a3bd4d9ad43fbb3413710b01665ccbd105f768ed7a3fcdba"",""ccfc20ac6a83e129a3bd4d9ad43fbb3413710b01665ccbd105f768ed7a3fcdba"",""ccfc20ac6a83e129a3bd4d9ad43fbb3413710b01665ccbd105f768ed7a3fcdba"",""ccfc20ac6a83e129a3bd4d9ad43fbb3413710b01665ccbd105f768ed7a3fcdba""]","[""38d06c71d558c4043f082263062d60658a4dcdcd12d249875b365122d251392e"",""38d06c71d558c4043f082263062d60658a4dcdcd12d249875b365122d251392e"",""38d06c71d558c4043f082263062d60658a4dcdcd12d249875b365122d251392e"",""38d06c71d558c4043f082263062d60658a4dcdcd12d249875b365122d251392e"",""38d06c71d558c4043f082263062d60658a4dcdcd12d249875b365122d251392e""]","[""d9f6c066bb71431cdbc782e11204f00aa68c4bc0b4bcda51b413b87ac31441ea"",""77b8526bf86fd8b6672d2ef1ecf7bfd2ff64ae15c3c19485d7fe33916ae5c000"",""fd86196b568cdd41d2dfe956b7633bad4ffbdc8fc4c491295f50a3d28db521e1"",""e39e4c357152910ef66fa5838485b46fc85ed948cee36315ea117017f23e44c7"",""82deab795e39b0f8c6dabe670fcfddb9e9ac47ed115a1a7f0687c02d7a459d44""]",l5,5,-0.003125,-0.05,0.046875,False,both_failed_cost_only,False,False,False,False,False,False,0.0,0.0,0.0,nan,nan,nan,6.719388215322151,False,False,False,False,True,False,5.0,5.0,-0.003125,nan,nan,25.0,5.230283807029062,False,False,False,False,True,False,20.0,20.0,-0.0125,nan,nan,40.0,5.018286295776237,False,False,False,False,True,False,80.0,80.0,nan,nan,100.0,6.445210817365224,both_failure,both_failure,0.046875,both_failure,both_failure,0.037500000000000006
square:hb2_val:301019,square:hb2_val:301019,hb2_val,20,True,839273f7897db14aa088a9f0f50f04cbfcdb2a3f6f13b95d7b3a042ddd2ffed4,a387545caca9faa67c63a4d392c0b96ac1f11019911c1a56b2acac6fe170c125,before_anchor_suggest,20,0.0,0.0,"[""366450ad6370a11a29754e0b853fdd1b1e18eb559bdf5aa654ffee303b9e0dfe"",""366450ad6370a11a29754e0b853fdd1b1e18eb559bdf5aa654ffee303b9e0dfe"",""366450ad6370a11a29754e0b853fdd1b1e18eb559bdf5aa654ffee303b9e0dfe"",""366450ad6370a11a29754e0b853fdd1b1e18eb559bdf5aa654ffee303b9e0dfe"",""366450ad6370a11a29754e0b853fdd1b1e18eb559bdf5aa654ffee303b9e0dfe""]","[""28ca9e403fe8d3a8e111b277b63c46b007e88f249e902e2722bdff2337958782"",""28ca9e403fe8d3a8e111b277b63c46b007e88f249e902e2722bdff2337958782"",""28ca9e403fe8d3a8e111b277b63c46b007e88f249e902e2722bdff2337958782"",""28ca9e403fe8d3a8e111b277b63c46b007e88f249e902e2722bdff2337958782"",""28ca9e403fe8d3a8e111b277b63c46b007e88f249e902e2722bdff2337958782""]","[""c5efe63e61b6182280e3304a65b8de31749aa7db1277ff01f475e68b5e6ba903"",""9d49d3420c3fbb6e01078e2d013457ab98e154094778ab9d788ef6c7527fb28f"",""7e8006fd770ac5616b1bdc83936741b217b4e31c357ca461d9a7d546e98fa2e7"",""b951cb3dde250eef7fcf24043a17fee19d01404bd1aca6fa83502a5a568ed4f6"",""4e9100d3190442a5294adb4546f0ada95a4b74bb7776b4dfc38d4bab4e5b8cb2""]",l5,5,-0.003125,-0.05,0.046875,False,both_failed_cost_only,False,False,False,False,False,False,0.0,0.0,0.0,nan,nan,nan,3.8711504666615357,False,False,False,False,True,False,5.0,5.0,-0.003125,nan,nan,25.0,32.02073900345844,False,False,False,False,True,False,20.0,20.0,-0.0125,nan,nan,40.0,134.38940244891617,False,False,False,False,True,False,80.0,80.0,nan,nan,100.0,113.3000796998567,both_failure,both_failure,0.046875,both_failure,both_failure,0.037500000000000006
square:hb2_val:301020,square:hb2_val:301020,hb2_val,20,True,839273f7897db14aa088a9f0f50f04cbfcdb2a3f6f13b95d7b3a042ddd2ffed4,a387545caca9faa67c63a4d392c0b96ac1f11019911c1a56b2acac6fe170c125,before_anchor_suggest,20,0.0,0.0,"[""323ab9e32592b1ab9dc7dfff24053da611336ac89e50617c4c3df87f03cc3328"",""323ab9e32592b1ab9dc7dfff24053da611336ac89e50617c4c3df87f03cc3328"",""323ab9e32592b1ab9dc7dfff24053da611336ac89e50617c4c3df87f03cc3328"",""323ab9e32592b1ab9dc7dfff24053da611336ac89e50617c4c3df87f03cc3328"",""323ab9e32592b1ab9dc7dfff24053da611336ac89e50617c4c3df87f03cc3328""]","[""9862ace670a3c627249a1fd7971afeb2baf200f58940c5b49e8c6452358f89e7"",""9862ace670a3c627249a1fd7971afeb2baf200f58940c5b49e8c6452358f89e7"",""9862ace670a3c627249a1fd7971afeb2baf200f58940c5b49e8c6452358f89e7"",""9862ace670a3c627249a1fd7971afeb2baf200f58940c5b49e8c6452358f89e7"",""9862ace670a3c627249a1fd7971afeb2baf200f58940c5b49e8c6452358f89e7""]","[""6d52ad0eea0e00b941e58d26a9c92f9b2b3232e4d25aff84e5d17e734eddd3a3"",""317353fa6dfa194a474b006a9a61ca51e99e2116edcc24d7533b775fa88406b8"",""a97649f676ce71bb2138bab1e535ea4af9818d8de516791e94d9e490d5a58064"",""5732525b1e570d40b321e6d1b987f1f537f8bd27aa8c14dbaab15316c0fc32f0"",""326d36cadaf2fb86561fac4eb0f106892321fe96c3dd02c843f3b20f888071dc""]",l80,80,0.95,0.95,0.0,True,no_gain,False,False,False,False,False,False,0.0,0.0,0.0,nan,nan,nan,8.124819254882064,False,False,False,False,True,False,5.0,5.0,-0.003125,nan,nan,25.0,55.68406004943799,False,False,False,False,True,False,20.0,20.0,-0.0125,nan,nan,40.0,124.31089845313497,True,True,False,False,True,True,80.0,80.0,157.0,161.0,100.0,49.25228915308959,stop_failure_continue_success,stop_failure_continue_success,-0.953125,stop_failure_continue_success,stop_failure_continue_success,-0.9624999999999999
square:hb2_val:301021,square:hb2_val:301021,hb2_val,20,True,839273f7897db14aa088a9f0f50f04cbfcdb2a3f6f13b95d7b3a042ddd2ffed4,a387545caca9faa67c63a4d392c0b96ac1f11019911c1a56b2acac6fe170c125,before_anchor_suggest,20,0.0,0.0,"[""c5816db8e7ae84bd8b44c817bf4137d06984796b84f9fbca7b788c4fbc6529a5"",""c5816db8e7ae84bd8b44c817bf4137d06984796b84f9fbca7b788c4fbc6529a5"",""c5816db8e7ae84bd8b44c817bf4137d06984796b84f9fbca7b788c4fbc6529a5"",""c5816db8e7ae84bd8b44c817bf4137d06984796b84f9fbca7b788c4fbc6529a5"",""c5816db8e7ae84bd8b44c817bf4137d06984796b84f9fbca7b788c4fbc6529a5""]","[""e770ef775fe4558e95ab70bad500fbaca03cce59011f68519cc40ef60e8fafb3"",""e770ef775fe4558e95ab70bad500fbaca03cce59011f68519cc40ef60e8fafb3"",""e770ef775fe4558e95ab70bad500fbaca03cce59011f68519cc40ef60e8fafb3"",""e770ef775fe4558e95ab70bad500fbaca03cce59011f68519cc40ef60e8fafb3"",""e770ef775fe4558e95ab70bad500fbaca03cce59011f68519cc40ef60e8fafb3""]","[""695c08a1071d6731539a99a01822d3534b702a7fb4953840dad30fd93d8bbb30"",""f2fd9268071aac6dbc8fda04d820edbe80895e162a7951a45f11709eaacdf3c1"",""32ef8746412d2803fb530a7e985cc8a385ae1727f58d54814807bb4d5b320a88"",""6edef19bff3f1787ad529dde79a3b9cebcb14be0279b4ec3bc0a92556d13dd96"",""080ebe3a0870c8a4738834e963f4cb463d26cd83852e72903999f0b1320ed809""]",l5,5,-0.003125,-0.05,0.046875,False,both_failed_cost_only,False,False,False,False,False,False,0.0,0.0,0.0,nan,nan,nan,120.89482287300956,False,False,False,False,True,False,5.0,5.0,-0.003125,nan,nan,25.0,133.5186341865727,False,False,False,False,True,False,20.0,20.0,-0.0125,nan,nan,40.0,96.45641216174178,False,False,False,False,True,False,80.0,80.0,nan,nan,100.0,134.7436932334901,both_failure,both_failure,0.046875,both_failure,both_failure,0.037500000000000006
square:hb2_val:301022,square:hb2_val:301022,hb2_val,20,True,839273f7897db14aa088a9f0f50f04cbfcdb2a3f6f13b95d7b3a042ddd2ffed4,a387545caca9faa67c63a4d392c0b96ac1f11019911c1a56b2acac6fe170c125,before_anchor_suggest,20,0.0,0.0,"[""27573ec0a44c446d60f320ba19d064d21062039492e34e03ccc9b324f9007781"",""27573ec0a44c446d60f320ba19d064d21062039492e34e03ccc9b324f9007781"",""27573ec0a44c446d60f320ba19d064d21062039492e34e03ccc9b324f9007781"",""27573ec0a44c446d60f320ba19d064d21062039492e34e03ccc9b324f9007781"",""27573ec0a44c446d60f320ba19d064d21062039492e34e03ccc9b324f9007781""]","[""273b838693c626994670aa5a9d2709010e34d86bb886474caf9709841f19dfed"",""273b838693c626994670aa5a9d2709010e34d86bb886474caf9709841f19dfed"",""273b838693c626994670aa5a9d2709010e34d86bb886474caf9709841f19dfed"",""273b838693c626994670aa5a9d2709010e34d86bb886474caf9709841f19dfed"",""273b838693c626994670aa5a9d2709010e34d86bb886474caf9709841f19dfed""]","[""25c3a131040ab309019070aaf46d2d782c33232070e762b9debc367eaf284708"",""03cb876691ac597cd67344955d79612b27a74225d621337c2228069df1bb7b4d"",""23a3006d4f47185cb0d779ac2a060c22c5428673128ada9f019490a870e82aa8"",""9431dd0483468611a55f4b457829ca8f6c3586811cb576dbcc8bb32f26e2029f"",""7e6a767a6074817821d11c47ca0b626ede8ec500c7e6a0766f4c77d50bd41c04""]",l5,5,-0.003125,-0.05,0.046875,False,both_failed_cost_only,False,False,False,False,False,False,0.0,0.0,0.0,nan,nan,nan,4.876725251801915,False,False,False,False,True,False,5.0,5.0,-0.003125,nan,nan,25.0,1.6080804030354126,False,False,False,False,True,False,20.0,20.0,-0.0125,nan,nan,40.0,30.392114638948705,False,False,False,False,True,False,80.0,80.0,nan,nan,100.0,67.46780539376591,both_failure,both_failure,0.046875,both_failure,both_failure,0.037500000000000006
square:hb2_val:301023,square:hb2_val:301023,hb2_val,20,True,839273f7897db14aa088a9f0f50f04cbfcdb2a3f6f13b95d7b3a042ddd2ffed4,a387545caca9faa67c63a4d392c0b96ac1f11019911c1a56b2acac6fe170c125,before_anchor_suggest,20,0.0,0.0,"[""268e7eda8f021aec2414efe42b1e9b22f8354aefe9a8a2188f0759b962aedae3"",""268e7eda8f021aec2414efe42b1e9b22f8354aefe9a8a2188f0759b962aedae3"",""268e7eda8f021aec2414efe42b1e9b22f8354aefe9a8a2188f0759b962aedae3"",""268e7eda8f021aec2414efe42b1e9b22f8354aefe9a8a2188f0759b962aedae3"",""268e7eda8f021aec2414efe42b1e9b22f8354aefe9a8a2188f0759b962aedae3""]","[""5048a970c0bd45b2ac4a4bc5b229604b0abadde48411c1a80ec5ad00ba1fc629"",""5048a970c0bd45b2ac4a4bc5b229604b0abadde48411c1a80ec5ad00ba1fc629"",""5048a970c0bd45b2ac4a4bc5b229604b0abadde48411c1a80ec5ad00ba1fc629"",""5048a970c0bd45b2ac4a4bc5b229604b0abadde48411c1a80ec5ad00ba1fc629"",""5048a970c0bd45b2ac4a4bc5b229604b0abadde48411c1a80ec5ad00ba1fc629""]","[""0bf35661a5788bea2a7a9403da8adc3738bc5241450d579abf13091a979cfa96"",""980ad7b9f45d5dafb83c930d817d28020da8c3e509fde6a7b225699e403f9554"",""6d4a85149f925ed299517a3e8aa5d62f1fef0bd87e41458c56fa066e1cd2114f"",""ec81f1af03723c5ade3a1cffefb6a7ac9737a26eef1e7acc77e75fbe36ca495c"",""37abac0f285210ec285ab1b417f2705a6621d2fb6cd131f5535b54e6fdbe3dc4""]",l5,5,-0.003125,-0.05,0.046875,False,both_failed_cost_only,False,False,False,False,False,False,0.0,0.0,0.0,nan,nan,nan,0.4436399999063908,False,False,False,False,True,False,5.0,5.0,-0.003125,nan,nan,25.0,0.7117158892808366,False,False,False,False,True,False,20.0,20.0,-0.0125,nan,nan,40.0,6.164330674750216,False,False,False,False,True,False,80.0,80.0,nan,nan,100.0,2.0943108337218868,both_failure,both_failure,0.046875,both_failure,both_failure,0.037500000000000006
square:hb2_val:301024,square:hb2_val:301024,hb2_val,20,True,839273f7897db14aa088a9f0f50f04cbfcdb2a3f6f13b95d7b3a042ddd2ffed4,a387545caca9faa67c63a4d392c0b96ac1f11019911c1a56b2acac6fe170c125,before_anchor_suggest,20,0.0,0.0,"[""6db3b2c2d572b69abe041578c7de0202e0aa62e0eae8acfe955c220632d5b480"",""6db3b2c2d572b69abe041578c7de0202e0aa62e0eae8acfe955c220632d5b480"",""6db3b2c2d572b69abe041578c7de0202e0aa62e0eae8acfe955c220632d5b480"",""6db3b2c2d572b69abe041578c7de0202e0aa62e0eae8acfe955c220632d5b480"",""6db3b2c2d572b69abe041578c7de0202e0aa62e0eae8acfe955c220632d5b480""]","[""b150791480c7e435d5a875030fb75c1dfdfcdeafcf4508cd5b22a13fb00cea82"",""b150791480c7e435d5a875030fb75c1dfdfcdeafcf4508cd5b22a13fb00cea82"",""b150791480c7e435d5a875030fb75c1dfdfcdeafcf4508cd5b22a13fb00cea82"",""b150791480c7e435d5a875030fb75c1dfdfcdeafcf4508cd5b22a13fb00cea82"",""b150791480c7e435d5a875030fb75c1dfdfcdeafcf4508cd5b22a13fb00cea82""]","[""7f192e78d0379a88aa5196c5627cd44018b81bb3d80d743495f29b537ee15925"",""d022e988d7f33019ee9326dafa4fa6498b1faac7ba62a5592afb0c57afb8747b"",""7fcc0ded191417c53ee929e4327b11e75b02c1c6d94ed922705c83fb2d5a0c91"",""99bf00883fc5bb85d1ff3b48b02ccd909cdd3036bd5c0016c4716ed78eb4f3be"",""213878be20d05c66b5bf917840e9608ac6995b56ae470b24015de569f0b76bb3""]",l5,5,-0.003125,-0.05,0.046875,False,both_failed_cost_only,False,False,False,False,False,False,0.0,0.0,0.0,nan,nan,nan,3.9815946279780476,False,False,False,False,True,False,5.0,5.0,-0.003125,nan,nan,25.0,4.8580946027268155,False,False,False,False,True,False,20.0,20.0,-0.0125,nan,nan,40.0,18.255805204257967,False,False,False,False,True,False,80.0,80.0,nan,nan,100.0,20.317487968842745,both_failure,both_failure,0.046875,both_failure,both_failure,0.037500000000000006
square:hb2_val:301025,square:hb2_val:301025,hb2_val,20,True,839273f7897db14aa088a9f0f50f04cbfcdb2a3f6f13b95d7b3a042ddd2ffed4,a387545caca9faa67c63a4d392c0b96ac1f11019911c1a56b2acac6fe170c125,before_anchor_suggest,20,0.0,0.0,"[""f50ebe1bf5e3cf8656f9f9f4e4f356526d4b5c5cc8a364b6dc2b514724daa950"",""f50ebe1bf5e3cf8656f9f9f4e4f356526d4b5c5cc8a364b6dc2b514724daa950"",""f50ebe1bf5e3cf8656f9f9f4e4f356526d4b5c5cc8a364b6dc2b514724daa950"",""f50ebe1bf5e3cf8656f9f9f4e4f356526d4b5c5cc8a364b6dc2b514724daa950"",""f50ebe1bf5e3cf8656f9f9f4e4f356526d4b5c5cc8a364b6dc2b514724daa950""]","[""26a8e4163aaeafa5cb375472c400ad45a9b622881c45eb568e85cf98eb22a044"",""26a8e4163aaeafa5cb375472c400ad45a9b622881c45eb568e85cf98eb22a044"",""26a8e4163aaeafa5cb375472c400ad45a9b622881c45eb568e85cf98eb22a044"",""26a8e4163aaeafa5cb375472c400ad45a9b622881c45eb568e85cf98eb22a044"",""26a8e4163aaeafa5cb375472c400ad45a9b622881c45eb568e85cf98eb22a044""]","[""287286fe3c887881349804126d4c95ba6f56b027cd605bda399005eec6e2bb92"",""0bcd689af463b3f7a59c7bb8ec40b6eb2b936da81326659b22bb9992ae6d7ebf"",""f57120230d7a0d775fc12e31071db395c67e271ae33a1dd90db286f5f43c0579"",""9f6b5ab47083157fa34708004c0781820ce94ccb6dba0e35776f7be17dbe9ba7"",""787eb32a4ec66fe6f93067d154c20d0ce2563fab2b351f2530e472ebb967abaf""]",l5,5,-0.003125,-0.05,0.046875,False,both_failed_cost_only,False,False,False,False,False,False,0.0,0.0,0.0,nan,nan,nan,46.950382965089105,False,False,False,False,True,False,5.0,5.0,-0.003125,nan,nan,25.0,123.52027194589415,False,False,False,False,True,False,20.0,20.0,-0.0125,nan,nan,40.0,57.429151386482914,False,False,False,False,True,False,80.0,80.0,nan,nan,100.0,81.08593260080258,both_failure,both_failure,0.046875,both_failure,both_failure,0.037500000000000006
square:hb2_val:301026,square:hb2_val:301026,hb2_val,20,True,839273f7897db14aa088a9f0f50f04cbfcdb2a3f6f13b95d7b3a042ddd2ffed4,a387545caca9faa67c63a4d392c0b96ac1f11019911c1a56b2acac6fe170c125,before_anchor_suggest,20,0.0,0.0,"[""5a702f65090124499b62f0eeb4b3c85562ae78d6f273b28ea1da274f8f84173b"",""5a702f65090124499b62f0eeb4b3c85562ae78d6f273b28ea1da274f8f84173b"",""5a702f65090124499b62f0eeb4b3c85562ae78d6f273b28ea1da274f8f84173b"",""5a702f65090124499b62f0eeb4b3c85562ae78d6f273b28ea1da274f8f84173b"",""5a702f65090124499b62f0eeb4b3c85562ae78d6f273b28ea1da274f8f84173b""]","[""db86b714cbc69b544fc65980b3edd7e32560cb96dbd288aba2563cd3391c8eca"",""db86b714cbc69b544fc65980b3edd7e32560cb96dbd288aba2563cd3391c8eca"",""db86b714cbc69b544fc65980b3edd7e32560cb96dbd288aba2563cd3391c8eca"",""db86b714cbc69b544fc65980b3edd7e32560cb96dbd288aba2563cd3391c8eca"",""db86b714cbc69b544fc65980b3edd7e32560cb96dbd288aba2563cd3391c8eca""]","[""dfc21ae68ad913c47a22dd1fbc0032aab53bf8359cca36ab205422e8d0bb6404"",""b2cb83b6442641b6c0ba3a4e89fa02f4ea576db80d98f2c1b5a16095b288e3b7"",""a25c2b874df50c29fe36ed7d54d17081bf24750ce3ead3fa0a40e40f93c16cc8"",""c712032229c9b666294cd72c1d6cfb3a0dce2164ca4a278155b1890e480383a5"",""ded7ad858f3aaef7ca54491c3efa881b87f3e1f00a641b2a7ff275718821c98e""]",l80,80,0.95,0.95,0.0,True,no_gain,False,False,False,False,False,False,0.0,0.0,0.0,nan,nan,nan,46.16632548568046,False,False,False,False,True,False,5.0,5.0,-0.003125,nan,nan,25.0,128.7372550400994,False,False,False,False,True,False,20.0,20.0,-0.0125,nan,nan,40.0,147.64346464473115,True,True,False,False,True,True,80.0,80.0,171.0,175.0,100.0,48.037701114738596,stop_failure_continue_success,stop_failure_continue_success,-0.953125,stop_failure_continue_success,stop_failure_continue_success,-0.9624999999999999
square:hb2_val:301027,square:hb2_val:301027,hb2_val,20,True,839273f7897db14aa088a9f0f50f04cbfcdb2a3f6f13b95d7b3a042ddd2ffed4,a387545caca9faa67c63a4d392c0b96ac1f11019911c1a56b2acac6fe170c125,before_anchor_suggest,20,0.0,0.0,"[""6daafc3b3a483909ece5de7255329353c3c240c6149feae113f80b92e6359f99"",""6daafc3b3a483909ece5de7255329353c3c240c6149feae113f80b92e6359f99"",""6daafc3b3a483909ece5de7255329353c3c240c6149feae113f80b92e6359f99"",""6daafc3b3a483909ece5de7255329353c3c240c6149feae113f80b92e6359f99"",""6daafc3b3a483909ece5de7255329353c3c240c6149feae113f80b92e6359f99""]","[""123c101b0473ba0f02938170559b8d4d93decd40907a5edc57f1a44f39f093cb"",""123c101b0473ba0f02938170559b8d4d93decd40907a5edc57f1a44f39f093cb"",""123c101b0473ba0f02938170559b8d4d93decd40907a5edc57f1a44f39f093cb"",""123c101b0473ba0f02938170559b8d4d93decd40907a5edc57f1a44f39f093cb"",""123c101b0473ba0f02938170559b8d4d93decd40907a5edc57f1a44f39f093cb""]","[""d955fd62033acf6a3f3a396dc4f99e22df448786d406d868104b66170ca1883e"",""23aca4b905beecb3608b3f47a82f82f1a44a9433c173d3f618c16545dd7eeed3"",""c5e0aa507441f8a2bc269f2fe833ceb388ce4185be21c93cebabe47b5b008834"",""a0f1fb8735e63362b410c871471114af1d3d29dedbd6a35aeab9c3e62328727f"",""de32f58176f4336d11eefc365ca3531dcf50e2f54e0d2b53aef80be7caaa22cc""]",l5,5,-0.003125,-0.05,0.046875,False,both_failed_cost_only,False,False,False,False,False,False,0.0,0.0,0.0,nan,nan,nan,3.135182449761645,False,False,False,False,True,False,5.0,5.0,-0.003125,nan,nan,25.0,2.726334930612051,False,False,False,False,True,False,20.0,20.0,-0.0125,nan,nan,40.0,27.483203205573687,False,False,False,False,True,False,80.0,80.0,nan,nan,100.0,75.64552644361586,both_failure,both_failure,0.046875,both_failure,both_failure,0.037500000000000006
square:hb2_val:301028,square:hb2_val:301028,hb2_val,20,True,839273f7897db14aa088a9f0f50f04cbfcdb2a3f6f13b95d7b3a042ddd2ffed4,a387545caca9faa67c63a4d392c0b96ac1f11019911c1a56b2acac6fe170c125,before_anchor_suggest,20,0.0,0.0,"[""91f848a3f6b03f110cfc0dba240c8ef23cd53d445e3603e7a9beef3fa69c568d"",""91f848a3f6b03f110cfc0dba240c8ef23cd53d445e3603e7a9beef3fa69c568d"",""91f848a3f6b03f110cfc0dba240c8ef23cd53d445e3603e7a9beef3fa69c568d"",""91f848a3f6b03f110cfc0dba240c8ef23cd53d445e3603e7a9beef3fa69c568d"",""91f848a3f6b03f110cfc0dba240c8ef23cd53d445e3603e7a9beef3fa69c568d""]","[""8f0493d52e05b7c30c46f87dbe809c214e250351da24cdf9631bf8eb111652d9"",""8f0493d52e05b7c30c46f87dbe809c214e250351da24cdf9631bf8eb111652d9"",""8f0493d52e05b7c30c46f87dbe809c214e250351da24cdf9631bf8eb111652d9"",""8f0493d52e05b7c30c46f87dbe809c214e250351da24cdf9631bf8eb111652d9"",""8f0493d52e05b7c30c46f87dbe809c214e250351da24cdf9631bf8eb111652d9""]","[""70297205f9295293cab0eb507e4c667763179b6a23847a5e289165d1704d4d4f"",""841cda8b0c4e0d3e37ca4da22a7f3501957a23807c4f476fd77af6541f8c4c08"",""a6cecc045be7a9730f0ec3eae3e8a084e3af4aefd1dda2a1f16ba3e895ef686b"",""cea6f504c4a303566b166a719bc2331ea642229982aaa6509cf8d5a40d7a32ad"",""d3fadbb3795a274119316b49126be6a7336f62a09270cfbf604e95a55dbfd71a""]",l5,5,-0.003125,-0.05,0.046875,False,both_failed_cost_only,False,False,False,False,False,False,0.0,0.0,0.0,nan,nan,nan,8.360274424922979,False,False,False,False,True,False,5.0,5.0,-0.003125,nan,nan,25.0,9.445516991664537,False,False,False,False,True,False,20.0,20.0,-0.0125,nan,nan,40.0,3.1870506331139596,False,False,False,False,True,False,80.0,80.0,nan,nan,100.0,147.594268459442,both_failure,both_failure,0.046875,both_failure,both_failure,0.037500000000000006
square:hb2_val:301029,square:hb2_val:301029,hb2_val,20,True,839273f7897db14aa088a9f0f50f04cbfcdb2a3f6f13b95d7b3a042ddd2ffed4,a387545caca9faa67c63a4d392c0b96ac1f11019911c1a56b2acac6fe170c125,before_anchor_suggest,20,0.0,0.0,"[""e8d2348de0a722e928cf10812e01a9df0d9b011aacf84ee71f8fcc544ba01301"",""e8d2348de0a722e928cf10812e01a9df0d9b011aacf84ee71f8fcc544ba01301"",""e8d2348de0a722e928cf10812e01a9df0d9b011aacf84ee71f8fcc544ba01301"",""e8d2348de0a722e928cf10812e01a9df0d9b011aacf84ee71f8fcc544ba01301"",""e8d2348de0a722e928cf10812e01a9df0d9b011aacf84ee71f8fcc544ba01301""]","[""292f2d83f5c7d31edaa85288cad7455e685b69f5e9e1e652a9113b2facde617a"",""292f2d83f5c7d31edaa85288cad7455e685b69f5e9e1e652a9113b2facde617a"",""292f2d83f5c7d31edaa85288cad7455e685b69f5e9e1e652a9113b2facde617a"",""292f2d83f5c7d31edaa85288cad7455e685b69f5e9e1e652a9113b2facde617a"",""292f2d83f5c7d31edaa85288cad7455e685b69f5e9e1e652a9113b2facde617a""]","[""f7a725a5d51d039adebcde82c1afc1c814382812a8353366a58d82f60ed81aea"",""904e8f11a671502b3f864913a524f0d35076863339b9c89542d909b8c388808c"",""8ee9fc5474e222e7e0fbacef5d0dc6e0d8664e7cee06a05ec3e3b5aa7af491b7"",""43194f8b4a4d33dafb06d3a15ec0472a2cde8a300113a37417e6ee3d258f5004"",""9ff34589dc29257d4f8fbe9f2744ebea065c4584ad4df1c08775ebc3c87b7f8e""]",l5,5,-0.003125,-0.05,0.046875,False,both_failed_cost_only,False,False,False,False,False,False,0.0,0.0,0.0,nan,nan,nan,1.7444406530637404,False,False,False,False,True,False,5.0,5.0,-0.003125,nan,nan,25.0,3.3519266667909062,False,False,False,False,True,False,20.0,20.0,-0.0125,nan,nan,40.0,18.551762449321718,False,False,False,False,True,False,80.0,80.0,nan,nan,100.0,1.7414602381367938,both_failure,both_failure,0.046875,both_failure,both_failure,0.037500000000000006
square:hb2_val:301030,square:hb2_val:301030,hb2_val,20,True,839273f7897db14aa088a9f0f50f04cbfcdb2a3f6f13b95d7b3a042ddd2ffed4,a387545caca9faa67c63a4d392c0b96ac1f11019911c1a56b2acac6fe170c125,before_anchor_suggest,20,0.0,0.0,"[""72f443a49213b27af663b7a3ffe3afd5b695d4d492a140acf20bacf52d469113"",""72f443a49213b27af663b7a3ffe3afd5b695d4d492a140acf20bacf52d469113"",""72f443a49213b27af663b7a3ffe3afd5b695d4d492a140acf20bacf52d469113"",""72f443a49213b27af663b7a3ffe3afd5b695d4d492a140acf20bacf52d469113"",""72f443a49213b27af663b7a3ffe3afd5b695d4d492a140acf20bacf52d469113""]","[""43eadf3a0eb5def992e1df3665d8ca2b39704cc390d9c136d3d62803f00df190"",""43eadf3a0eb5def992e1df3665d8ca2b39704cc390d9c136d3d62803f00df190"",""43eadf3a0eb5def992e1df3665d8ca2b39704cc390d9c136d3d62803f00df190"",""43eadf3a0eb5def992e1df3665d8ca2b39704cc390d9c136d3d62803f00df190"",""43eadf3a0eb5def992e1df3665d8ca2b39704cc390d9c136d3d62803f00df190""]","[""a4d718f542601d6587a0fd3f66ccaf4f4c24e4813317dea4fd2479009eaef491"",""6555e87997413a934a5630e8243d34045638d4e2acfe1c317c0b14e906be9864"",""703a831dfd7ded5435a19d82656ff96beaeb7689fac22f73574e749e1741d9a6"",""e5fa248efdf6d4e20f37fe870b3a0f529bf5581b84b5c0c3dadb08393f353993"",""eb275b7cdcb7c735f1ec3564522a401fa364b1db9c3fec5bcb3dac5a145fc7be""]",l5,5,-0.003125,-0.05,0.046875,False,both_failed_cost_only,False,False,False,False,False,False,0.0,0.0,0.0,nan,nan,nan,1.9552709866258131,False,False,False,False,True,False,5.0,5.0,-0.003125,nan,nan,25.0,2.530044130875224,False,False,False,False,True,False,20.0,20.0,-0.0125,nan,nan,40.0,44.798474174355775,False,False,False,False,True,False,80.0,80.0,nan,nan,100.0,4.016800916881674,both_failure,both_failure,0.046875,both_failure,both_failure,0.037500000000000006
square:hb2_val:301031,square:hb2_val:301031,hb2_val,20,True,839273f7897db14aa088a9f0f50f04cbfcdb2a3f6f13b95d7b3a042ddd2ffed4,a387545caca9faa67c63a4d392c0b96ac1f11019911c1a56b2acac6fe170c125,before_anchor_suggest,20,0.0,0.0,"[""87f089f317c438f3c25f2c2c4bcf710637fe8c1d20bb206e46a07dd869946bd4"",""87f089f317c438f3c25f2c2c4bcf710637fe8c1d20bb206e46a07dd869946bd4"",""87f089f317c438f3c25f2c2c4bcf710637fe8c1d20bb206e46a07dd869946bd4"",""87f089f317c438f3c25f2c2c4bcf710637fe8c1d20bb206e46a07dd869946bd4"",""87f089f317c438f3c25f2c2c4bcf710637fe8c1d20bb206e46a07dd869946bd4""]","[""339bc0a42ef127b2e6f81df956325c7e3d0a19143fb03192c7956a5b4b803f18"",""339bc0a42ef127b2e6f81df956325c7e3d0a19143fb03192c7956a5b4b803f18"",""339bc0a42ef127b2e6f81df956325c7e3d0a19143fb03192c7956a5b4b803f18"",""339bc0a42ef127b2e6f81df956325c7e3d0a19143fb03192c7956a5b4b803f18"",""339bc0a42ef127b2e6f81df956325c7e3d0a19143fb03192c7956a5b4b803f18""]","[""fe0cae1d4ee61f9e7403a1b445611f3b895b5ccfedf16bd1820b05a83c44fc07"",""11fbf8587fe4257efa70c8e7b07bb27b5da9b2ff5d233a8558f09ad33dd7cb7e"",""3e6ea088abb6bbf04ab78276ddd87e8a22c08394b329bfea0304448a0bf289cc"",""add031003c3108ce1296b661aa7f89f3d73ea3e4b9bba466c7bc6453475eb49e"",""4874d4603ea707afd09fbf5380312df0350ddf29700b9ccd80f670344f42ae49""]",l5,5,-0.003125,-0.05,0.046875,False,both_failed_cost_only,False,False,False,False,False,False,0.0,0.0,0.0,nan,nan,nan,69.87185120792435,False,False,False,False,True,False,5.0,5.0,-0.003125,nan,nan,25.0,15.286083030349745,False,False,False,False,True,False,20.0,20.0,-0.0125,nan,nan,40.0,110.91766988030983,False,False,False,False,True,False,80.0,80.0,nan,nan,100.0,154.21223389779823,both_failure,both_failure,0.046875,both_failure,both_failure,0.037500000000000006
square:hb2_val:301032,square:hb2_val:301032,hb2_val,20,True,839273f7897db14aa088a9f0f50f04cbfcdb2a3f6f13b95d7b3a042ddd2ffed4,a387545caca9faa67c63a4d392c0b96ac1f11019911c1a56b2acac6fe170c125,before_anchor_suggest,20,0.0,0.0,"[""3106e28e2d16ca96cc5332f9aa8d27cd82c879b44eae45c4b932879c103f4b6b"",""3106e28e2d16ca96cc5332f9aa8d27cd82c879b44eae45c4b932879c103f4b6b"",""3106e28e2d16ca96cc5332f9aa8d27cd82c879b44eae45c4b932879c103f4b6b"",""3106e28e2d16ca96cc5332f9aa8d27cd82c879b44eae45c4b932879c103f4b6b"",""3106e28e2d16ca96cc5332f9aa8d27cd82c879b44eae45c4b932879c103f4b6b""]","[""cbfea97dcea58492297563793479f9677738938d0a23b52436a38b2d6d15252f"",""cbfea97dcea58492297563793479f9677738938d0a23b52436a38b2d6d15252f"",""cbfea97dcea58492297563793479f9677738938d0a23b52436a38b2d6d15252f"",""cbfea97dcea58492297563793479f9677738938d0a23b52436a38b2d6d15252f"",""cbfea97dcea58492297563793479f9677738938d0a23b52436a38b2d6d15252f""]","[""d98e7a0080933a43adbfe8eb2dc22d5409efe4aa13676fb0bfcaba9cd788a2ae"",""a26fd2df53fa0c2caf80b755d3ef26a2abd9fe2336b5573b6afd828f3fe9b5ad"",""8989408d5b992077fcd0eb3e2a647a0e1f1d9eb54c1b1f98650272ede32e7254"",""15d275a1d6ad74c503fa07e777c76eb6ee43af28e04f667a04dd4589e06aac44"",""e887e7ceab405008a2b94a1b377d5b9952c4a2b815f34fb68c41bf92d1ff9b90""]",l5,5,-0.003125,-0.05,0.046875,False,both_failed_cost_only,False,False,False,False,False,False,0.0,0.0,0.0,nan,nan,nan,95.22621676358249,False,False,False,False,True,False,5.0,5.0,-0.003125,nan,nan,25.0,13.598486738179188,False,False,False,False,True,False,20.0,20.0,-0.0125,nan,nan,40.0,122.943509333178,False,False,False,False,True,False,80.0,80.0,nan,nan,100.0,60.30068918560986,both_failure,both_failure,0.046875,both_failure,both_failure,0.037500000000000006
square:hb2_val:301033,square:hb2_val:301033,hb2_val,20,True,839273f7897db14aa088a9f0f50f04cbfcdb2a3f6f13b95d7b3a042ddd2ffed4,a387545caca9faa67c63a4d392c0b96ac1f11019911c1a56b2acac6fe170c125,before_anchor_suggest,20,0.0,0.0,"[""8e583d9edfbb4c50c5a11a8122b8e8bb6a735d709a02f198d7a60cf66d7f896d"",""8e583d9edfbb4c50c5a11a8122b8e8bb6a735d709a02f198d7a60cf66d7f896d"",""8e583d9edfbb4c50c5a11a8122b8e8bb6a735d709a02f198d7a60cf66d7f896d"",""8e583d9edfbb4c50c5a11a8122b8e8bb6a735d709a02f198d7a60cf66d7f896d"",""8e583d9edfbb4c50c5a11a8122b8e8bb6a735d709a02f198d7a60cf66d7f896d""]","[""c64a2ffcce433a1ff8fd30db428af11e27bb790b8f714d70e4375b2173d97f5e"",""c64a2ffcce433a1ff8fd30db428af11e27bb790b8f714d70e4375b2173d97f5e"",""c64a2ffcce433a1ff8fd30db428af11e27bb790b8f714d70e4375b2173d97f5e"",""c64a2ffcce433a1ff8fd30db428af11e27bb790b8f714d70e4375b2173d97f5e"",""c64a2ffcce433a1ff8fd30db428af11e27bb790b8f714d70e4375b2173d97f5e""]","[""98f3c5ca9ce4ff2b92086d008f56991873a3db3105f61e2d621f71026a1b669d"",""974f2e890fb6f2d4cd232a96657565b883438ffd9ebda4d04e833caa9f901d8e"",""d814898e7707de6dd8e7a6bc259ddbab52ea014bcd86440e960246788de0923c"",""e8ad1c4698b391cb93d38f03bf8586bf3a9aa0fd9a054463ad9382da6e35725e"",""483ac9b612f8b0908e5d6c9c8473501e1d0a48e2eb3dbfb70341240db3e066d3""]",l5,5,-0.003125,-0.05,0.046875,False,both_failed_cost_only,False,False,False,False,False,False,0.0,0.0,0.0,nan,nan,nan,3.294853775478393,False,False,False,False,True,False,5.0,5.0,-0.003125,nan,nan,25.0,3.6237724798896305,False,False,False,False,True,False,20.0,20.0,-0.0125,nan,nan,40.0,40.429066258769524,False,False,False,False,True,False,80.0,80.0,nan,nan,100.0,9.875242796430443,both_failure,both_failure,0.046875,both_failure,both_failure,0.037500000000000006
square:hb2_val:301034,square:hb2_val:301034,hb2_val,20,True,839273f7897db14aa088a9f0f50f04cbfcdb2a3f6f13b95d7b3a042ddd2ffed4,a387545caca9faa67c63a4d392c0b96ac1f11019911c1a56b2acac6fe170c125,before_anchor_suggest,20,0.0,0.0,"[""eb9abaab2c4313b1e4fc02ba817275364d30c7daf9f30b44883cf95bd03aa63a"",""eb9abaab2c4313b1e4fc02ba817275364d30c7daf9f30b44883cf95bd03aa63a"",""eb9abaab2c4313b1e4fc02ba817275364d30c7daf9f30b44883cf95bd03aa63a"",""eb9abaab2c4313b1e4fc02ba817275364d30c7daf9f30b44883cf95bd03aa63a"",""eb9abaab2c4313b1e4fc02ba817275364d30c7daf9f30b44883cf95bd03aa63a""]","[""24031b825081275c1efa78b8fe5c5a6efe43b7a1ac2e40243364c39bf04f49e2"",""24031b825081275c1efa78b8fe5c5a6efe43b7a1ac2e40243364c39bf04f49e2"",""24031b825081275c1efa78b8fe5c5a6efe43b7a1ac2e40243364c39bf04f49e2"",""24031b825081275c1efa78b8fe5c5a6efe43b7a1ac2e40243364c39bf04f49e2"",""24031b825081275c1efa78b8fe5c5a6efe43b7a1ac2e40243364c39bf04f49e2""]","[""07deae64896f308760f90ad94aba1bfc6c2c684dbac4f8c049ab89af9b091cd2"",""36241cea363dd6551f56732d607e058b144c0cd5ac488619490f33e909de2972"",""e42b4414cd6eeb90e9257ab2393f10761db86a674fda57d57ed8709354faf8d5"",""5ab5d88fa3bdeb2059e60e6e3bc038212996ceddecd63095dd4eef1bcb681acb"",""8e86e4826421748aa4b165df3930429e124f1d3c5c5cbe12b2de0ba96756424c""]",l5,5,-0.003125,-0.05,0.046875,False,both_failed_cost_only,False,False,False,False,False,False,0.0,0.0,0.0,nan,nan,nan,61.22689919653039,False,False,False,False,True,False,5.0,5.0,-0.003125,nan,nan,25.0,57.991399725000015,False,False,False,False,True,False,20.0,20.0,-0.0125,nan,nan,40.0,16.17498819874728,False,False,False,False,True,False,80.0,80.0,nan,nan,100.0,53.03677271307794,both_failure,both_failure,0.046875,both_failure,both_failure,0.037500000000000006
square:hb2_val:301035,square:hb2_val:301035,hb2_val,20,True,839273f7897db14aa088a9f0f50f04cbfcdb2a3f6f13b95d7b3a042ddd2ffed4,a387545caca9faa67c63a4d392c0b96ac1f11019911c1a56b2acac6fe170c125,before_anchor_suggest,20,0.0,0.0,"[""f5bd91678b3199ca4d05a64f89d9a562d96c3978535f6277d91a7a3a1c80a3e4"",""f5bd91678b3199ca4d05a64f89d9a562d96c3978535f6277d91a7a3a1c80a3e4"",""f5bd91678b3199ca4d05a64f89d9a562d96c3978535f6277d91a7a3a1c80a3e4"",""f5bd91678b3199ca4d05a64f89d9a562d96c3978535f6277d91a7a3a1c80a3e4"",""f5bd91678b3199ca4d05a64f89d9a562d96c3978535f6277d91a7a3a1c80a3e4""]","[""01413504c3db7c29a00b3866a4a2246f7e6d6866cc67b20901363f1f10c3dcca"",""01413504c3db7c29a00b3866a4a2246f7e6d6866cc67b20901363f1f10c3dcca"",""01413504c3db7c29a00b3866a4a2246f7e6d6866cc67b20901363f1f10c3dcca"",""01413504c3db7c29a00b3866a4a2246f7e6d6866cc67b20901363f1f10c3dcca"",""01413504c3db7c29a00b3866a4a2246f7e6d6866cc67b20901363f1f10c3dcca""]","[""1d79ac0bfacb6da85bf92e944c28251e603b269266cfdd10469ead655f88cef8"",""5ddd3ddac18930ec8db6b036d8761285f380d1b84d61b8270c38769bb6edc66b"",""01811e4bdb73c6f42c93dcf070dcf5d4e31800a06a184e174d099f50c8eee5ad"",""25680274967339de1f4a51e82e05c6d25082a19c4c4dd3841e274408cec4ec29"",""60dc335e5333a7c8fc59cfedd123f07b3146d28714ac45df54b88e95f049e258""]",l5,5,-0.003125,-0.05,0.046875,False,both_failed_cost_only,False,False,False,False,False,False,0.0,0.0,0.0,nan,nan,nan,5.545162112589353,False,False,False,False,True,False,5.0,5.0,-0.003125,nan,nan,25.0,5.253413274013681,False,False,False,False,True,False,20.0,20.0,-0.0125,nan,nan,40.0,4.3186223084341,False,False,False,False,True,False,80.0,80.0,nan,nan,100.0,190.67846737814853,both_failure,both_failure,0.046875,both_failure,both_failure,0.037500000000000006
square:hb2_val:301036,square:hb2_val:301036,hb2_val,20,True,839273f7897db14aa088a9f0f50f04cbfcdb2a3f6f13b95d7b3a042ddd2ffed4,a387545caca9faa67c63a4d392c0b96ac1f11019911c1a56b2acac6fe170c125,before_anchor_suggest,20,0.0,0.0,"[""987390a96768575107cd79761874b8ad2ac312fbbddb3285190240fe6c15acbd"",""987390a96768575107cd79761874b8ad2ac312fbbddb3285190240fe6c15acbd"",""987390a96768575107cd79761874b8ad2ac312fbbddb3285190240fe6c15acbd"",""987390a96768575107cd79761874b8ad2ac312fbbddb3285190240fe6c15acbd"",""987390a96768575107cd79761874b8ad2ac312fbbddb3285190240fe6c15acbd""]","[""45435713e03300186d7208aa913876235814c9ef6682524bb37e3b985d9a036f"",""45435713e03300186d7208aa913876235814c9ef6682524bb37e3b985d9a036f"",""45435713e03300186d7208aa913876235814c9ef6682524bb37e3b985d9a036f"",""45435713e03300186d7208aa913876235814c9ef6682524bb37e3b985d9a036f"",""45435713e03300186d7208aa913876235814c9ef6682524bb37e3b985d9a036f""]","[""c39a2aa97a38b826417fb1ccd88dbfd140c0992fceefdc0d570b3aadb28322d3"",""a66190c73ff28452673036c00505ccde41d214804284d14ab7176c6654118113"",""82df1b338542a849a5ec00d269dd5a753c506f6e77bf75a7c0e6324b922b567a"",""a2702b1b6016c9f1e8dfbd1c3195ceca89eede71afc89b29e0730b97f4442ab0"",""c25e6dabc775ace10f9c9399b7726bde3f105d9edc510139b024f4efa65790de""]",l5,5,-0.003125,-0.05,0.046875,False,both_failed_cost_only,False,False,False,False,False,False,0.0,0.0,0.0,nan,nan,nan,4.72085939904524,False,False,False,False,True,False,5.0,5.0,-0.003125,nan,nan,25.0,1.5186677287704806,False,False,False,False,True,False,20.0,20.0,-0.0125,nan,nan,40.0,100.90358307822521,False,False,False,False,True,False,80.0,80.0,nan,nan,100.0,124.97774741613418,both_failure,both_failure,0.046875,both_failure,both_failure,0.037500000000000006
square:hb2_val:301037,square:hb2_val:301037,hb2_val,20,True,839273f7897db14aa088a9f0f50f04cbfcdb2a3f6f13b95d7b3a042ddd2ffed4,a387545caca9faa67c63a4d392c0b96ac1f11019911c1a56b2acac6fe170c125,before_anchor_suggest,20,0.0,0.0,"[""e99a4dd115f3d549805299db44d66224c24d6a212e163d8e538f2e9ee73ef64e"",""e99a4dd115f3d549805299db44d66224c24d6a212e163d8e538f2e9ee73ef64e"",""e99a4dd115f3d549805299db44d66224c24d6a212e163d8e538f2e9ee73ef64e"",""e99a4dd115f3d549805299db44d66224c24d6a212e163d8e538f2e9ee73ef64e"",""e99a4dd115f3d549805299db44d66224c24d6a212e163d8e538f2e9ee73ef64e""]","[""17e13322f453fac8dc2b65c2ffabee5d76c6cd3b80dce7713792a69fe8d3654e"",""17e13322f453fac8dc2b65c2ffabee5d76c6cd3b80dce7713792a69fe8d3654e"",""17e13322f453fac8dc2b65c2ffabee5d76c6cd3b80dce7713792a69fe8d3654e"",""17e13322f453fac8dc2b65c2ffabee5d76c6cd3b80dce7713792a69fe8d3654e"",""17e13322f453fac8dc2b65c2ffabee5d76c6cd3b80dce7713792a69fe8d3654e""]","[""7ec08b9bbfed881554f00d4c45109e4d284b25552f73002881b7dcd66f4ded1e"",""3b2dcd65bcc5da3bf406c29dae6be90ff30a1da306c2803cc00c48e3ec0a98a4"",""7b2fab8c9da702d58f12977c8fa55c5188f09f405ab012ca8d9153e8454aa7ba"",""d63e96aee35ccc86791b4045d77a2c4f06f7320821fae5529863d6162f7a7431"",""2e1d533ac802c3fa98ae8df29c6c0f2ae7bc513defacea06b2edd78c4e532449""]",l5,5,-0.003125,-0.05,0.046875,False,both_failed_cost_only,False,False,False,False,False,False,0.0,0.0,0.0,nan,nan,nan,2.779101927731994,False,False,False,False,True,False,5.0,5.0,-0.003125,nan,nan,25.0,3.382302724183755,False,False,False,False,True,False,20.0,20.0,-0.0125,nan,nan,40.0,1.0401994914488282,False,False,False,False,True,False,80.0,80.0,nan,nan,100.0,1.5408145638972364,both_failure,both_failure,0.046875,both_failure,both_failure,0.037500000000000006
square:hb2_val:301038,square:hb2_val:301038,hb2_val,20,True,839273f7897db14aa088a9f0f50f04cbfcdb2a3f6f13b95d7b3a042ddd2ffed4,a387545caca9faa67c63a4d392c0b96ac1f11019911c1a56b2acac6fe170c125,before_anchor_suggest,20,0.0,0.0,"[""af7d811f5174035128f21c53cf0397cfd4808a83f67e861507800ebaa1a12d6e"",""af7d811f5174035128f21c53cf0397cfd4808a83f67e861507800ebaa1a12d6e"",""af7d811f5174035128f21c53cf0397cfd4808a83f67e861507800ebaa1a12d6e"",""af7d811f5174035128f21c53cf0397cfd4808a83f67e861507800ebaa1a12d6e"",""af7d811f5174035128f21c53cf0397cfd4808a83f67e861507800ebaa1a12d6e""]","[""b57301c77c71f9eff0496ee3919b8e7b85a8578a4b8b84953d1475a8532c43ac"",""b57301c77c71f9eff0496ee3919b8e7b85a8578a4b8b84953d1475a8532c43ac"",""b57301c77c71f9eff0496ee3919b8e7b85a8578a4b8b84953d1475a8532c43ac"",""b57301c77c71f9eff0496ee3919b8e7b85a8578a4b8b84953d1475a8532c43ac"",""b57301c77c71f9eff0496ee3919b8e7b85a8578a4b8b84953d1475a8532c43ac""]","[""7da88f2df0b7a010bfe4476c25115854ea2a72f886e24e95460c19fad4dad48d"",""9364d51de451c5f4f799577fb0e385496e0c70204635949b693e2244f2e776f5"",""26e8f3253d2703ab142c4de7c5160a212af59dcc5d9961c1e19d435a0a865cc2"",""c70447f88465398285022ed7d3b9866b558bc4663e3a747933c3d581c3846f1b"",""e4c638e4c4143416023b51350ffd164c9c712435f9cfc32090c0687df08bf37f""]",l80,80,0.95,0.95,0.0,True,no_gain,False,False,False,False,False,False,0.0,0.0,0.0,nan,nan,nan,85.81380128995012,False,False,False,False,True,False,5.0,5.0,-0.003125,nan,nan,25.0,82.34991974762094,False,False,False,False,True,False,20.0,20.0,-0.0125,nan,nan,40.0,69.32665162482664,True,True,False,False,True,True,80.0,80.0,241.0,245.0,100.0,54.058631402633466,stop_failure_continue_success,stop_failure_continue_success,-0.953125,stop_failure_continue_success,stop_failure_continue_success,-0.9624999999999999
square:hb2_val:301039,square:hb2_val:301039,hb2_val,20,True,839273f7897db14aa088a9f0f50f04cbfcdb2a3f6f13b95d7b3a042ddd2ffed4,a387545caca9faa67c63a4d392c0b96ac1f11019911c1a56b2acac6fe170c125,before_anchor_suggest,20,0.0,0.0,"[""6a9a66e0fe28533459981162bb3a419b2840f5cca0ea853f170215e1edd4bcbf"",""6a9a66e0fe28533459981162bb3a419b2840f5cca0ea853f170215e1edd4bcbf"",""6a9a66e0fe28533459981162bb3a419b2840f5cca0ea853f170215e1edd4bcbf"",""6a9a66e0fe28533459981162bb3a419b2840f5cca0ea853f170215e1edd4bcbf"",""6a9a66e0fe28533459981162bb3a419b2840f5cca0ea853f170215e1edd4bcbf""]","[""28cabbd86a1bd2ab4ef224b2366d363eaee8fe24d07d8c61cc7c3905d2f842cf"",""28cabbd86a1bd2ab4ef224b2366d363eaee8fe24d07d8c61cc7c3905d2f842cf"",""28cabbd86a1bd2ab4ef224b2366d363eaee8fe24d07d8c61cc7c3905d2f842cf"",""28cabbd86a1bd2ab4ef224b2366d363eaee8fe24d07d8c61cc7c3905d2f842cf"",""28cabbd86a1bd2ab4ef224b2366d363eaee8fe24d07d8c61cc7c3905d2f842cf""]","[""f66fc0aca4e9f4c3b686351cdd445f39bcf33d6b0d24017c019843b4710e1e3b"",""54f49bb13e4f04f54e4f3524ddee77026217e4b022aa7a99e542cdf12dceaee6"",""f63d2057fb2b624ea11e2727278a3d2227da14fadf40bc3bd834e7eda77e679e"",""2394ca467087d8781c5036d83ec01950ad9ac826e2cad4464fcce647be90533d"",""41045dcf4156464bc3a669ed27d1e77c6eee77973c3f3f85fb58293671d0156b""]",l5,5,-0.003125,-0.05,0.046875,False,both_failed_cost_only,False,False,False,False,False,False,0.0,0.0,0.0,nan,nan,nan,11.568611704724642,False,False,False,False,True,False,5.0,5.0,-0.003125,nan,nan,25.0,59.447529196616394,False,False,False,False,True,False,20.0,20.0,-0.0125,nan,nan,40.0,71.67304915314797,False,False,False,False,True,False,80.0,80.0,nan,nan,100.0,83.22065347037687,both_failure,both_failure,0.046875,both_failure,both_failure,0.037500000000000006
