{"common_failure": 72, "common_success": 0, "lost_baseline_rate_all_roots": "7.500%", "lost_baseline_rate_baseline_success": "100.000%", "lost_baseline_success": 6, "method_id": "REPLAY_ONLY", "new_success": 2, "new_success_rate": "2.500%", "paired_roots": 80, "training_seed": 0}
{"common_failure": 72, "common_success": 1, "lost_baseline_rate_all_roots": "6.250%", "lost_baseline_rate_baseline_success": "83.333%", "lost_baseline_success": 5, "method_id": "REPLAY_ONLY", "new_success": 2, "new_success_rate": "2.500%", "paired_roots": 80, "training_seed": 1}
{"common_failure": 74, "common_success": 0, "lost_baseline_rate_all_roots": "7.500%", "lost_baseline_rate_baseline_success": "100.000%", "lost_baseline_success": 6, "method_id": "REPLAY_ONLY", "new_success": 0, "new_success_rate": "0.000%", "paired_roots": 80, "training_seed": 2}
{"common_failure": 72, "common_success": 0, "lost_baseline_rate_all_roots": "7.500%", "lost_baseline_rate_baseline_success": "100.000%", "lost_baseline_success": 6, "method_id": "MATCHED_STANDARD_DATA", "new_success": 2, "new_success_rate": "2.500%", "paired_roots": 80, "training_seed": 0}
{"common_failure": 73, "common_success": 1, "lost_baseline_rate_all_roots": "6.250%", "lost_baseline_rate_baseline_success": "83.333%", "lost_baseline_success": 5, "method_id": "MATCHED_STANDARD_DATA", "new_success": 1, "new_success_rate": "1.250%", "paired_roots": 80, "training_seed": 1}
{"common_failure": 73, "common_success": 1, "lost_baseline_rate_all_roots": "6.250%", "lost_baseline_rate_baseline_success": "83.333%", "lost_baseline_success": 5, "method_id": "MATCHED_STANDARD_DATA", "new_success": 1, "new_success_rate": "1.250%", "paired_roots": 80, "training_seed": 2}
{"common_failure": 71, "common_success": 0, "lost_baseline_rate_all_roots": "7.500%", "lost_baseline_rate_baseline_success": "100.000%", "lost_baseline_success": 6, "method_id": "FIXED_L80_RECOVERY", "new_success": 3, "new_success_rate": "3.750%", "paired_roots": 80, "training_seed": 0}
{"common_failure": 68, "common_success": 0, "lost_baseline_rate_all_roots": "7.500%", "lost_baseline_rate_baseline_success": "100.000%", "lost_baseline_success": 6, "method_id": "FIXED_L80_RECOVERY", "new_success": 6, "new_success_rate": "7.500%", "paired_roots": 80, "training_seed": 1}
{"common_failure": 68, "common_success": 2, "lost_baseline_rate_all_roots": "5.000%", "lost_baseline_rate_baseline_success": "66.667%", "lost_baseline_success": 4, "method_id": "FIXED_L80_RECOVERY", "new_success": 6, "new_success_rate": "7.500%", "paired_roots": 80, "training_seed": 2}
{"common_failure": 66, "common_success": 0, "lost_baseline_rate_all_roots": "7.500%", "lost_baseline_rate_baseline_success": "100.000%", "lost_baseline_success": 6, "method_id": "HANDOFF_RECOVERY", "new_success": 8, "new_success_rate": "10.000%", "paired_roots": 80, "training_seed": 0}
{"common_failure": 69, "common_success": 1, "lost_baseline_rate_all_roots": "6.250%", "lost_baseline_rate_baseline_success": "83.333%", "lost_baseline_success": 5, "method_id": "HANDOFF_RECOVERY", "new_success": 5, "new_success_rate": "6.250%", "paired_roots": 80, "training_seed": 1}
{"common_failure": 70, "common_success": 2, "lost_baseline_rate_all_roots": "5.000%", "lost_baseline_rate_baseline_success": "66.667%", "lost_baseline_success": 4, "method_id": "HANDOFF_RECOVERY", "new_success": 4, "new_success_rate": "5.000%", "paired_roots": 80, "training_seed": 2}
