{"engineering_failures": 0, "method_id": "BASE_FROZEN", "records": 80, "roots": 80, "success_rate": "7.500%", "successes": 6, "training_seed": null}
{"engineering_failures": 0, "method_id": "FIXED_L80_RECOVERY", "records": 80, "roots": 80, "success_rate": "3.750%", "successes": 3, "training_seed": 0}
{"engineering_failures": 0, "method_id": "FIXED_L80_RECOVERY", "records": 80, "roots": 80, "success_rate": "7.500%", "successes": 6, "training_seed": 1}
{"engineering_failures": 0, "method_id": "FIXED_L80_RECOVERY", "records": 80, "roots": 80, "success_rate": "10.000%", "successes": 8, "training_seed": 2}
{"engineering_failures": 0, "method_id": "HANDOFF_RECOVERY", "records": 80, "roots": 80, "success_rate": "10.000%", "successes": 8, "training_seed": 0}
{"engineering_failures": 0, "method_id": "HANDOFF_RECOVERY", "records": 80, "roots": 80, "success_rate": "7.500%", "successes": 6, "training_seed": 1}
{"engineering_failures": 0, "method_id": "HANDOFF_RECOVERY", "records": 80, "roots": 80, "success_rate": "7.500%", "successes": 6, "training_seed": 2}
{"engineering_failures": 0, "method_id": "MATCHED_STANDARD_DATA", "records": 80, "roots": 80, "success_rate": "2.500%", "successes": 2, "training_seed": 0}
{"engineering_failures": 0, "method_id": "MATCHED_STANDARD_DATA", "records": 80, "roots": 80, "success_rate": "2.500%", "successes": 2, "training_seed": 1}
{"engineering_failures": 0, "method_id": "MATCHED_STANDARD_DATA", "records": 80, "roots": 80, "success_rate": "2.500%", "successes": 2, "training_seed": 2}
{"engineering_failures": 0, "method_id": "REPLAY_ONLY", "records": 80, "roots": 80, "success_rate": "2.500%", "successes": 2, "training_seed": 0}
{"engineering_failures": 0, "method_id": "REPLAY_ONLY", "records": 80, "roots": 80, "success_rate": "3.750%", "successes": 3, "training_seed": 1}
{"engineering_failures": 0, "method_id": "REPLAY_ONLY", "records": 80, "roots": 80, "success_rate": "0.000%", "successes": 0, "training_seed": 2}
